timestamp_ms,frame,left_ear,left_ear_smooth,left_state,right_ear,right_ear_smooth,right_state,avg_ear,avg_ear_smooth,blink_count,left_winks,right_winks,threshold
337725937,2,0.0,0.0,CLOSED,0.04,0.04,CLOSED,0.02,0.02,0,0,0,0.21
337725980,3,0.06,0.03,CLOSED,0.038,0.039,CLOSED,0.049,0.035,0,0,0,0.21
337726023,4,0.103,0.054,CLOSED,0.14,0.073,CLOSED,0.121,0.064,0,0,0,0.21
337726067,5,0.2,0.091,CLOSED,0.25,0.117,CLOSED,0.225,0.104,0,0,0,0.21
337726109,6,0.242,0.121,CLOSED,0.259,0.145,CLOSED,0.251,0.133,0,0,0,0.21
337726152,7,0.259,0.173,CLOSED,0.279,0.193,CLOSED,0.269,0.183,0,0,0,0.21
337726196,8,0.301,0.221,OPEN,0.269,0.239,OPEN,0.285,0.23,1,0,0,0.21
337726239,9,0.291,0.259,OPEN,0.289,0.269,OPEN,0.29,0.264,1,0,0,0.21
337726283,10,0.291,0.277,OPEN,0.289,0.277,OPEN,0.29,0.277,1,0,0,0.21
337726326,11,0.299,0.288,OPEN,0.315,0.288,OPEN,0.307,0.288,1,0,0,0.21
337726369,12,0.306,0.298,OPEN,0.322,0.297,OPEN,0.314,0.297,1,0,0,0.21
337726413,13,0.295,0.296,OPEN,0.292,0.301,OPEN,0.293,0.298,1,0,0,0.21
337726464,14,0.322,0.303,OPEN,0.299,0.303,OPEN,0.31,0.303,1,0,0,0.21
337726508,15,0.312,0.307,OPEN,0.299,0.305,OPEN,0.305,0.306,1,0,0,0.21
337726548,16,0.311,0.309,OPEN,0.274,0.297,OPEN,0.292,0.303,1,0,0,0.21
337726596,17,0.284,0.305,OPEN,0.281,0.289,OPEN,0.282,0.297,1,0,0,0.21
337726638,18,0.301,0.306,OPEN,0.297,0.29,OPEN,0.299,0.298,1,0,0,0.21
337726680,19,0.295,0.301,OPEN,0.307,0.292,OPEN,0.301,0.296,1,0,0,0.21
337726725,20,0.302,0.299,OPEN,0.297,0.291,OPEN,0.299,0.295,1,0,0,0.21
337726767,21,0.302,0.297,OPEN,0.297,0.296,OPEN,0.299,0.296,1,0,0,0.21
337726808,22,0.292,0.298,OPEN,0.273,0.294,OPEN,0.282,0.296,1,0,0,0.21
337726855,23,0.308,0.3,OPEN,0.288,0.292,OPEN,0.298,0.296,1,0,0,0.21
337726898,24,0.335,0.308,OPEN,0.312,0.293,OPEN,0.324,0.3,1,0,0,0.21
337726938,25,0.295,0.306,OPEN,0.294,0.293,OPEN,0.294,0.299,1,0,0,0.21
337726982,26,0.311,0.308,OPEN,0.302,0.294,OPEN,0.306,0.301,1,0,0,0.21
337727022,27,0.327,0.315,OPEN,0.302,0.3,OPEN,0.315,0.307,1,0,0,0.21
337727066,28,0.326,0.319,OPEN,0.294,0.301,OPEN,0.31,0.31,1,0,0,0.21
337727108,29,0.292,0.31,OPEN,0.302,0.299,OPEN,0.297,0.304,1,0,0,0.21
337727151,30,0.276,0.306,OPEN,0.282,0.296,OPEN,0.279,0.301,1,0,0,0.21
337727195,31,0.275,0.299,OPEN,0.257,0.287,OPEN,0.266,0.293,1,0,0,0.21
337727238,32,0.276,0.289,OPEN,0.257,0.278,OPEN,0.267,0.283,1,0,0,0.21
337727282,33,0.275,0.279,OPEN,0.257,0.271,OPEN,0.266,0.275,1,0,0,0.21
337727328,34,0.282,0.277,OPEN,0.265,0.264,OPEN,0.273,0.271,1,0,0,0.21
337727369,35,0.282,0.278,OPEN,0.265,0.26,OPEN,0.273,0.269,1,0,0,0.21
337727414,36,0.283,0.28,OPEN,0.281,0.265,OPEN,0.282,0.273,1,0,0,0.21
337727456,37,0.307,0.286,OPEN,0.312,0.276,OPEN,0.309,0.281,1,0,0,0.21
337727499,38,0.298,0.29,OPEN,0.318,0.288,OPEN,0.308,0.289,1,0,0,0.21
337727543,39,0.329,0.3,OPEN,0.347,0.305,OPEN,0.338,0.302,1,0,0,0.21
337727586,40,0.391,0.322,OPEN,0.39,0.33,OPEN,0.391,0.326,1,0,0,0.21
337727629,41,0.422,0.349,OPEN,0.423,0.358,OPEN,0.422,0.353,1,0,0,0.21
337727672,42,0.455,0.379,OPEN,0.424,0.38,OPEN,0.44,0.38,1,0,0,0.21
337727718,43,0.469,0.413,OPEN,0.453,0.407,OPEN,0.461,0.41,1,0,0,0.21
337727761,44,0.453,0.438,OPEN,0.439,0.426,OPEN,0.446,0.432,1,0,0,0.21
337727805,45,0.438,0.447,OPEN,0.453,0.438,OPEN,0.446,0.443,1,0,0,0.21
337727847,46,0.454,0.454,OPEN,0.44,0.442,OPEN,0.447,0.448,1,0,0,0.21
337727892,47,0.439,0.451,OPEN,0.452,0.447,OPEN,0.446,0.449,1,0,0,0.21
337727937,48,0.454,0.448,OPEN,0.438,0.444,OPEN,0.446,0.446,1,0,0,0.21
337727979,49,0.47,0.451,OPEN,0.455,0.448,OPEN,0.463,0.45,1,0,0,0.21
337728020,50,0.47,0.457,OPEN,0.454,0.448,OPEN,0.462,0.453,1,0,0,0.21
337728064,51,0.454,0.457,OPEN,0.439,0.448,OPEN,0.447,0.453,1,0,0,0.21
337728107,52,0.298,0.429,OPEN,0.344,0.426,OPEN,0.321,0.427,1,0,0,0.21
337728149,53,0.081,0.355,OPEN,0.121,0.363,OPEN,0.101,0.359,1,0,0,0.21
337728194,54,0.03,0.267,OPEN,0.029,0.277,OPEN,0.029,0.272,1,0,0,0.21
337728238,55,0.093,0.191,CLOSED,0.136,0.214,OPEN,0.115,0.203,1,0,0,0.21
337728280,56,0.172,0.135,CLOSED,0.251,0.176,CLOSED,0.211,0.155,1,0,0,0.21
337728326,57,0.259,0.127,CLOSED,0.289,0.165,CLOSED,0.274,0.146,1,0,0,0.21
337728369,58,0.294,0.17,CLOSED,0.324,0.206,CLOSED,0.309,0.188,1,0,0,0.21
337728412,59,0.338,0.231,OPEN,0.338,0.268,OPEN,0.338,0.249,2,0,0,0.21
337728455,60,0.382,0.289,OPEN,0.367,0.314,OPEN,0.374,0.301,2,0,0,0.21
337728496,61,0.397,0.334,OPEN,0.397,0.343,OPEN,0.397,0.339,2,0,0,0.21
337728538,62,0.426,0.367,OPEN,0.413,0.368,OPEN,0.419,0.367,2,0,0,0.21
337728581,63,0.426,0.394,OPEN,0.414,0.386,OPEN,0.42,0.39,2,0,0,0.21
337728624,64,0.44,0.414,OPEN,0.444,0.407,OPEN,0.442,0.41,2,0,0,0.21
337728672,65,0.44,0.426,OPEN,0.456,0.425,OPEN,0.448,0.425,2,0,0,0.21
337728712,66,0.444,0.435,OPEN,0.469,0.439,OPEN,0.457,0.437,2,0,0,0.21
337728757,67,0.439,0.438,OPEN,0.455,0.448,OPEN,0.447,0.443,2,0,0,0.21
337728801,68,0.44,0.441,OPEN,0.441,0.453,OPEN,0.441,0.447,2,0,0,0.21
337728844,69,0.414,0.435,OPEN,0.44,0.452,OPEN,0.427,0.444,2,0,0,0.21
337728883,70,0.401,0.428,OPEN,0.427,0.446,OPEN,0.414,0.437,2,0,0,0.21
337728930,71,0.37,0.413,OPEN,0.371,0.427,OPEN,0.37,0.42,2,0,0,0.21
337728971,72,0.146,0.354,OPEN,0.193,0.374,OPEN,0.169,0.364,2,0,0,0.21
337729014,73,0.014,0.269,OPEN,0.029,0.292,OPEN,0.022,0.28,2,0,0,0.21
337729058,74,0.027,0.192,CLOSED,0.043,0.213,OPEN,0.035,0.203,2,0,0,0.21
337729098,75,0.126,0.137,CLOSED,0.119,0.151,CLOSED,0.122,0.144,2,0,0,0.21
337729138,76,0.222,0.107,CLOSED,0.236,0.124,CLOSED,0.229,0.115,2,0,0,0.21
337729189,77,0.28,0.134,CLOSED,0.28,0.141,CLOSED,0.28,0.138,2,0,0,0.21
337729231,78,0.309,0.193,CLOSED,0.308,0.197,CLOSED,0.308,0.195,2,0,0,0.21
337729278,79,0.31,0.249,OPEN,0.324,0.253,OPEN,0.317,0.251,3,0,0,0.21
337729318,80,0.319,0.288,OPEN,0.338,0.297,OPEN,0.329,0.292,3,0,0,0.21
337729365,81,0.309,0.305,OPEN,0.338,0.318,OPEN,0.324,0.311,3,0,0,0.21
337729406,82,0.309,0.311,OPEN,0.338,0.329,OPEN,0.324,0.32,3,0,0,0.21
337729445,83,0.339,0.317,OPEN,0.314,0.33,OPEN,0.327,0.324,3,0,0,0.21
337729494,84,0.339,0.323,OPEN,0.322,0.33,OPEN,0.331,0.327,3,0,0,0.21
337729534,85,0.319,0.323,OPEN,0.323,0.327,OPEN,0.321,0.325,3,0,0,0.21
337729580,86,0.309,0.323,OPEN,0.323,0.324,OPEN,0.316,0.324,3,0,0,0.21
337729622,87,0.319,0.325,OPEN,0.333,0.323,OPEN,0.326,0.324,3,0,0,0.21
337729667,88,0.324,0.322,OPEN,0.318,0.324,OPEN,0.321,0.323,3,0,0,0.21
337729710,89,0.351,0.324,OPEN,0.308,0.321,OPEN,0.33,0.323,3,0,0,0.21
337729753,90,0.31,0.323,OPEN,0.309,0.318,OPEN,0.309,0.321,3,0,0,0.21
337729795,91,0.322,0.325,OPEN,0.308,0.315,OPEN,0.315,0.32,3,0,0,0.21
337729841,92,0.335,0.328,OPEN,0.309,0.31,OPEN,0.322,0.319,3,0,0,0.21
337729881,93,0.325,0.329,OPEN,0.317,0.31,OPEN,0.321,0.32,3,0,0,0.21
337729927,94,0.319,0.322,OPEN,0.332,0.315,OPEN,0.326,0.319,3,0,0,0.21
337729969,95,0.337,0.328,OPEN,0.331,0.319,OPEN,0.334,0.324,3,0,0,0.21
337730013,96,0.337,0.331,OPEN,0.331,0.324,OPEN,0.334,0.328,3,0,0,0.21
337730056,97,0.351,0.334,OPEN,0.347,0.332,OPEN,0.349,0.333,3,0,0,0.21
337730099,98,0.351,0.339,OPEN,0.347,0.338,OPEN,0.349,0.339,3,0,0,0.21
337730140,99,0.351,0.345,OPEN,0.348,0.341,OPEN,0.349,0.343,3,0,0,0.21
337730186,100,0.349,0.348,OPEN,0.348,0.344,OPEN,0.348,0.346,3,0,0,0.21
337730229,101,0.334,0.347,OPEN,0.338,0.346,OPEN,0.336,0.346,3,0,0,0.21
337730271,102,0.319,0.341,OPEN,0.322,0.341,OPEN,0.321,0.341,3,0,0,0.21
337730315,103,0.336,0.338,OPEN,0.347,0.341,OPEN,0.342,0.34,3,0,0,0.21
337730357,104,0.351,0.338,OPEN,0.347,0.34,OPEN,0.349,0.339,3,0,0,0.21
337730403,105,0.352,0.338,OPEN,0.347,0.34,OPEN,0.349,0.339,3,0,0,0.21
337730446,106,0.352,0.342,OPEN,0.322,0.337,OPEN,0.337,0.34,3,0,0,0.21
337730486,107,0.352,0.349,OPEN,0.322,0.337,OPEN,0.337,0.343,3,0,0,0.21
337730525,108,0.35,0.351,OPEN,0.322,0.332,OPEN,0.336,0.342,3,0,0,0.21
337730566,109,0.35,0.351,OPEN,0.337,0.33,OPEN,0.344,0.341,3,0,0,0.21
337730609,110,0.339,0.349,OPEN,0.336,0.328,OPEN,0.338,0.339,3,0,0,0.21
337730652,111,0.339,0.346,OPEN,0.336,0.331,OPEN,0.338,0.339,3,0,0,0.21
337730696,112,0.339,0.343,OPEN,0.337,0.334,OPEN,0.338,0.339,3,0,0,0.21
337730739,113,0.349,0.343,OPEN,0.337,0.337,OPEN,0.343,0.34,3,0,0,0.21
337730782,114,0.349,0.343,OPEN,0.336,0.336,OPEN,0.343,0.34,3,0,0,0.21
337730825,115,0.336,0.342,OPEN,0.336,0.336,OPEN,0.336,0.339,3,0,0,0.21
337730868,116,0.336,0.342,OPEN,0.337,0.337,OPEN,0.337,0.34,3,0,0,0.21
337730911,117,0.336,0.341,OPEN,0.337,0.337,OPEN,0.337,0.339,3,0,0,0.21
337730954,118,0.336,0.339,OPEN,0.337,0.337,OPEN,0.337,0.338,3,0,0,0.21
337731010,119,0.319,0.333,OPEN,0.338,0.337,OPEN,0.329,0.335,3,0,0,0.21
337731049,120,0.319,0.329,OPEN,0.338,0.337,OPEN,0.329,0.333,3,0,0,0.21
337731087,121,0.322,0.326,OPEN,0.338,0.338,OPEN,0.33,0.332,3,0,0,0.21
337731138,122,0.091,0.277,OPEN,0.103,0.291,OPEN,0.097,0.284,3,0,0,0.21
337731180,123,0.015,0.213,OPEN,0.044,0.232,OPEN,0.029,0.223,3,0,0,0.21
337731222,124,0.06,0.161,CLOSED,0.106,0.186,CLOSED,0.083,0.173,3,0,0,0.21
337731266,125,0.127,0.123,CLOSED,0.138,0.146,CLOSED,0.133,0.135,3,0,0,0.21
337731307,126,0.235,0.106,CLOSED,0.198,0.118,CLOSED,0.216,0.112,3,0,0,0.21
337731350,127,0.259,0.139,CLOSED,0.227,0.143,CLOSED,0.243,0.141,3,0,0,0.21
337731395,128,0.289,0.194,CLOSED,0.259,0.186,CLOSED,0.274,0.19,3,0,0,0.21
337731439,129,0.281,0.238,OPEN,0.258,0.216,OPEN,0.27,0.227,4,0,0,0.21
337731481,130,0.289,0.271,OPEN,0.295,0.247,OPEN,0.292,0.259,4,0,0,0.21
337731526,131,0.289,0.281,OPEN,0.295,0.267,OPEN,0.292,0.274,4,0,0,0.21
337731572,132,0.309,0.291,OPEN,0.294,0.28,OPEN,0.301,0.285,4,0,0,0.21
337731614,133,0.309,0.295,OPEN,0.294,0.287,OPEN,0.301,0.291,4,0,0,0.21
337731656,134,0.31,0.301,OPEN,0.294,0.294,OPEN,0.302,0.297,4,0,0,0.21
337731700,135,0.319,0.307,OPEN,0.294,0.294,OPEN,0.306,0.3,4,0,0,0.21
337731743,136,0.321,0.314,OPEN,0.294,0.294,OPEN,0.307,0.304,4,0,0,0.21
337731786,137,0.319,0.316,OPEN,0.294,0.294,OPEN,0.306,0.305,4,0,0,0.21
337731830,138,0.319,0.318,OPEN,0.294,0.294,OPEN,0.306,0.306,4,0,0,0.21
337731872,139,0.319,0.319,OPEN,0.294,0.294,OPEN,0.306,0.306,4,0,0,0.21
337731916,140,0.319,0.319,OPEN,0.295,0.294,OPEN,0.307,0.306,4,0,0,0.21
337731962,141,0.321,0.319,OPEN,0.318,0.299,OPEN,0.32,0.309,4,0,0,0.21
337732003,142,0.31,0.318,OPEN,0.324,0.305,OPEN,0.317,0.311,4,0,0,0.21
337732047,143,0.319,0.318,OPEN,0.318,0.31,OPEN,0.319,0.314,4,0,0,0.21
337732090,144,0.319,0.318,OPEN,0.309,0.313,OPEN,0.314,0.316,4,0,0,0.21
337732131,145,0.333,0.32,OPEN,0.324,0.319,OPEN,0.329,0.32,4,0,0,0.21
337732176,146,0.333,0.323,OPEN,0.324,0.32,OPEN,0.329,0.322,4,0,0,0.21
337732217,147,0.318,0.324,OPEN,0.309,0.317,OPEN,0.314,0.321,4,0,0,0.21
337732259,148,0.289,0.318,OPEN,0.287,0.311,OPEN,0.288,0.315,4,0,0,0.21
337732303,149,0.061,0.267,OPEN,0.091,0.267,OPEN,0.076,0.267,4,0,0,0.21
337732348,150,0.014,0.203,CLOSED,0.015,0.205,CLOSED,0.014,0.204,4,0,0,0.21
337732388,151,0.028,0.142,CLOSED,0.029,0.146,CLOSED,0.029,0.144,4,0,0,0.21
337732431,152,0.029,0.084,CLOSED,0.073,0.099,CLOSED,0.051,0.091,4,0,0,0.21
337732477,153,0.091,0.045,CLOSED,0.119,0.065,CLOSED,0.105,0.055,4,0,0,0.21
337732522,154,0.187,0.07,CLOSED,0.162,0.08,CLOSED,0.174,0.075,4,0,0,0.21
337732563,155,0.204,0.108,CLOSED,0.229,0.122,CLOSED,0.216,0.115,4,0,0,0.21
337732605,156,0.235,0.149,CLOSED,0.222,0.161,CLOSED,0.228,0.155,4,0,0,0.21
337732651,157,0.272,0.198,CLOSED,0.273,0.201,CLOSED,0.273,0.2,4,0,0,0.21
337732694,158,0.302,0.24,OPEN,0.28,0.233,OPEN,0.291,0.236,5,0,0,0.21
337732734,159,0.318,0.266,OPEN,0.295,0.26,OPEN,0.306,0.263,5,0,0,0.21
337732782,160,0.322,0.29,OPEN,0.309,0.276,OPEN,0.316,0.283,5,0,0,0.21
337732822,161,0.351,0.313,OPEN,0.339,0.299,OPEN,0.345,0.306,5,0,0,0.21
337732865,162,0.365,0.332,OPEN,0.354,0.315,OPEN,0.359,0.324,5,0,0,0.21
337732911,163,0.369,0.345,OPEN,0.386,0.337,OPEN,0.378,0.341,5,0,0,0.21
337732953,164,0.383,0.358,OPEN,0.387,0.355,OPEN,0.385,0.356,5,0,0,0.21
337732994,165,0.397,0.373,OPEN,0.415,0.376,OPEN,0.406,0.374,5,0,0,0.21
337733040,166,0.425,0.388,OPEN,0.429,0.394,OPEN,0.427,0.391,5,0,0,0.21
337733081,167,0.441,0.403,OPEN,0.431,0.41,OPEN,0.436,0.406,5,0,0,0.21
337733124,168,0.426,0.414,OPEN,0.433,0.419,OPEN,0.429,0.416,5,0,0,0.21
337733170,169,0.426,0.423,OPEN,0.406,0.423,OPEN,0.416,0.423,5,0,0,0.21
337733213,170,0.399,0.423,OPEN,0.422,0.424,OPEN,0.41,0.423,5,0,0,0.21
337733255,171,0.41,0.42,OPEN,0.423,0.423,OPEN,0.416,0.421,5,0,0,0.21
337733298,172,0.41,0.414,OPEN,0.423,0.421,OPEN,0.416,0.417,5,0,0,0.21
337733342,173,0.42,0.413,OPEN,0.435,0.422,OPEN,0.427,0.417,5,0,0,0.21
337733383,174,0.423,0.412,OPEN,0.435,0.428,OPEN,0.429,0.42,5,0,0,0.21
337733430,175,0.425,0.418,OPEN,0.426,0.428,OPEN,0.425,0.423,5,0,0,0.21
337733470,176,0.412,0.418,OPEN,0.437,0.431,OPEN,0.424,0.424,5,0,0,0.21
337733514,177,0.4,0.416,OPEN,0.413,0.429,OPEN,0.406,0.422,5,0,0,0.21
337733558,178,0.412,0.414,OPEN,0.425,0.427,OPEN,0.418,0.42,5,0,0,0.21
337733602,179,0.412,0.412,OPEN,0.436,0.427,OPEN,0.424,0.419,5,0,0,0.21
337733641,180,0.41,0.409,OPEN,0.414,0.425,OPEN,0.412,0.417,5,0,0,0.21
337733689,181,0.387,0.404,OPEN,0.415,0.421,OPEN,0.401,0.412,5,0,0,0.21
337733729,182,0.397,0.404,OPEN,0.384,0.415,OPEN,0.391,0.409,5,0,0,0.21
337733774,183,0.302,0.382,OPEN,0.34,0.398,OPEN,0.321,0.39,5,0,0,0.21
337733819,184,0.126,0.324,OPEN,0.168,0.344,OPEN,0.147,0.334,5,0,0,0.21
337733861,185,0.156,0.274,OPEN,0.163,0.294,OPEN,0.16,0.284,5,0,0,0.21
337733903,186,0.193,0.235,OPEN,0.253,0.262,OPEN,0.223,0.248,5,0,0,0.21
337733949,187,0.237,0.203,CLOSED,0.302,0.245,OPEN,0.269,0.224,5,0,0,0.21
337733989,188,0.302,0.203,CLOSED,0.342,0.246,OPEN,0.322,0.225,5,1,0,0.21
337734033,189,0.343,0.246,OPEN,0.357,0.283,OPEN,0.35,0.264,5,1,0,0.21
337734076,190,0.357,0.286,OPEN,0.397,0.33,OPEN,0.377,0.308,5,1,0,0.21
337734119,191,0.369,0.322,OPEN,0.386,0.357,OPEN,0.378,0.34,5,1,0,0.21
337734162,192,0.359,0.346,OPEN,0.384,0.373,OPEN,0.371,0.359,5,1,0,0.21
337734208,193,0.372,0.36,OPEN,0.374,0.38,OPEN,0.373,0.37,5,1,0,0.21
337734252,194,0.36,0.363,OPEN,0.383,0.385,OPEN,0.371,0.374,5,1,0,0.21
337734294,195,0.368,0.366,OPEN,0.384,0.382,OPEN,0.376,0.374,5,1,0,0.21
337734339,196,0.357,0.363,OPEN,0.384,0.382,OPEN,0.37,0.372,5,1,0,0.21
337734381,197,0.358,0.363,OPEN,0.382,0.381,OPEN,0.37,0.372,5,1,0,0.21
337734422,198,0.371,0.363,OPEN,0.382,0.383,OPEN,0.377,0.373,5,1,0,0.21
337734468,199,0.382,0.367,OPEN,0.382,0.383,OPEN,0.382,0.375,5,1,0,0.21
337734510,200,0.379,0.369,OPEN,0.394,0.385,OPEN,0.387,0.377,5,1,0,0.21
337734553,201,0.404,0.379,OPEN,0.377,0.383,OPEN,0.391,0.381,5,1,0,0.21
337734598,202,0.378,0.383,OPEN,0.394,0.386,OPEN,0.386,0.385,5,1,0,0.21
337734641,203,0.404,0.389,OPEN,0.394,0.388,OPEN,0.399,0.389,5,1,0,0.21
337734682,204,0.379,0.389,OPEN,0.405,0.393,OPEN,0.392,0.391,5,1,0,0.21
337734728,205,0.377,0.388,OPEN,0.393,0.393,OPEN,0.385,0.391,5,1,0,0.21
337734770,206,0.257,0.359,OPEN,0.267,0.371,OPEN,0.262,0.365,5,1,0,0.21
337734816,207,0.029,0.289,OPEN,0.038,0.299,OPEN,0.034,0.294,5,1,0,0.21
337734857,208,0.031,0.215,OPEN,0.038,0.228,OPEN,0.035,0.222,5,1,0,0.21
337734898,209,0.033,0.145,CLOSED,0.051,0.157,CLOSED,0.042,0.151,5,1,0,0.21
337734941,210,0.16,0.102,CLOSED,0.15,0.109,CLOSED,0.155,0.105,5,1,0,0.21
337734984,211,0.228,0.096,CLOSED,0.219,0.099,CLOSED,0.224,0.098,5,1,0,0.21
337735029,212,0.258,0.142,CLOSED,0.24,0.14,CLOSED,0.249,0.141,5,1,0,0.21
337735075,213,0.286,0.193,CLOSED,0.283,0.189,CLOSED,0.284,0.191,5,1,0,0.21
337735117,214,0.299,0.246,OPEN,0.3,0.238,OPEN,0.299,0.242,6,1,0,0.21
337735159,215,0.313,0.277,OPEN,0.317,0.272,OPEN,0.315,0.275,6,1,0,0.21
337735201,216,0.318,0.295,OPEN,0.319,0.292,OPEN,0.319,0.293,6,1,0,0.21
337735248,217,0.331,0.309,OPEN,0.331,0.31,OPEN,0.331,0.309,6,1,0,0.21
337735290,218,0.344,0.321,OPEN,0.345,0.322,OPEN,0.344,0.322,6,1,0,0.21
337735332,219,0.355,0.332,OPEN,0.345,0.331,OPEN,0.35,0.332,6,1,0,0.21
337735373,220,0.357,0.341,OPEN,0.351,0.338,OPEN,0.354,0.34,6,1,0,0.21
337735416,221,0.345,0.346,OPEN,0.36,0.346,OPEN,0.352,0.346,6,1,0,0.21
337735455,222,0.344,0.349,OPEN,0.375,0.355,OPEN,0.359,0.352,6,1,0,0.21
337735502,223,0.345,0.349,OPEN,0.387,0.364,OPEN,0.366,0.356,6,1,0,0.21
337735545,224,0.344,0.347,OPEN,0.35,0.365,OPEN,0.347,0.356,6,1,0,0.21
337735594,225,0.367,0.349,OPEN,0.388,0.372,OPEN,0.378,0.36,6,1,0,0.21
337735635,226,0.38,0.356,OPEN,0.389,0.378,OPEN,0.385,0.367,6,1,0,0.21
337735676,227,0.365,0.36,OPEN,0.392,0.381,OPEN,0.379,0.37,6,1,0,0.21
337735722,228,0.368,0.365,OPEN,0.376,0.379,OPEN,0.372,0.372,6,1,0,0.21
337735764,229,0.366,0.369,OPEN,0.378,0.385,OPEN,0.372,0.377,6,1,0,0.21
337735809,230,0.374,0.371,OPEN,0.39,0.385,OPEN,0.382,0.378,6,1,0,0.21
337735851,231,0.388,0.372,OPEN,0.409,0.389,OPEN,0.398,0.381,6,1,0,0.21
337735896,232,0.39,0.377,OPEN,0.42,0.395,OPEN,0.405,0.386,6,1,0,0.21
337735937,233,0.416,0.387,OPEN,0.422,0.404,OPEN,0.419,0.396,6,1,0,0.21
337735982,234,0.404,0.394,OPEN,0.41,0.41,OPEN,0.407,0.402,6,1,0,0.21
337736025,235,0.387,0.397,OPEN,0.392,0.411,OPEN,0.39,0.404,6,1,0,0.21
337736068,236,0.326,0.385,OPEN,0.329,0.395,OPEN,0.328,0.39,6,1,0,0.21
337736111,237,0.093,0.325,OPEN,0.123,0.335,OPEN,0.108,0.33,6,1,0,0.21
337736153,238,0.052,0.252,OPEN,0.089,0.269,OPEN,0.07,0.261,6,1,0,0.21
337736198,239,0.098,0.191,CLOSED,0.133,0.213,OPEN,0.116,0.202,6,1,0,0.21
337736241,240,0.197,0.153,CLOSED,0.232,0.181,CLOSED,0.215,0.167,6,1,0,0.21
337736285,241,0.253,0.139,CLOSED,0.299,0.175,CLOSED,0.276,0.157,6,1,0,0.21
337736330,242,0.293,0.179,CLOSED,0.305,0.212,OPEN,0.299,0.196,7,1,0,0.21
337736370,243,0.314,0.231,OPEN,0.309,0.256,OPEN,0.311,0.243,7,1,0,0.21
337736412,244,0.329,0.277,OPEN,0.321,0.293,OPEN,0.325,0.285,7,1,0,0.21
337736457,245,0.333,0.304,OPEN,0.322,0.311,OPEN,0.328,0.307,7,1,0,0.21
337736499,246,0.355,0.325,OPEN,0.305,0.312,OPEN,0.33,0.319,7,1,0,0.21
337736543,247,0.343,0.335,OPEN,0.329,0.317,OPEN,0.336,0.326,7,1,0,0.21
337736584,248,0.358,0.344,OPEN,0.32,0.319,OPEN,0.339,0.332,7,1,0,0.21
337736630,249,0.331,0.344,OPEN,0.319,0.319,OPEN,0.325,0.332,7,1,0,0.21
337736670,250,0.325,0.342,OPEN,0.296,0.314,OPEN,0.31,0.328,7,1,0,0.21
337736717,251,0.324,0.336,OPEN,0.28,0.309,OPEN,0.302,0.323,7,1,0,0.21
337736759,252,0.329,0.333,OPEN,0.295,0.302,OPEN,0.312,0.318,7,1,0,0.21
337736799,253,0.325,0.327,OPEN,0.302,0.298,OPEN,0.314,0.312,7,1,0,0.21
337736846,254,0.316,0.324,OPEN,0.315,0.298,OPEN,0.316,0.311,7,1,0,0.21
337736886,255,0.327,0.324,OPEN,0.302,0.299,OPEN,0.315,0.311,7,1,0,0.21
337736933,256,0.336,0.327,OPEN,0.292,0.301,OPEN,0.314,0.314,7,1,0,0.21
337736976,257,0.332,0.327,OPEN,0.304,0.303,OPEN,0.318,0.315,7,1,0,0.21
337737018,258,0.319,0.326,OPEN,0.329,0.308,OPEN,0.324,0.317,7,1,0,0.21
337737060,259,0.319,0.327,OPEN,0.306,0.307,OPEN,0.312,0.317,7,1,0,0.21
337737106,260,0.319,0.325,OPEN,0.306,0.307,OPEN,0.312,0.316,7,1,0,0.21
337737148,261,0.325,0.323,OPEN,0.305,0.31,OPEN,0.315,0.317,7,1,0,0.21
337737192,262,0.333,0.323,OPEN,0.308,0.311,OPEN,0.321,0.317,7,1,0,0.21
337737233,263,0.319,0.323,OPEN,0.308,0.307,OPEN,0.314,0.315,7,1,0,0.21
337737280,264,0.348,0.329,OPEN,0.324,0.31,OPEN,0.336,0.32,7,1,0,0.21
337737320,265,0.347,0.334,OPEN,0.337,0.316,OPEN,0.342,0.325,7,1,0,0.21
337737366,266,0.338,0.337,OPEN,0.336,0.323,OPEN,0.337,0.33,7,1,0,0.21
337737409,267,0.335,0.337,OPEN,0.324,0.326,OPEN,0.33,0.332,7,1,0,0.21
337737453,268,0.348,0.343,OPEN,0.322,0.329,OPEN,0.335,0.336,7,1,0,0.21
337737493,269,0.348,0.343,OPEN,0.309,0.326,OPEN,0.329,0.335,7,1,0,0.21
337737539,270,0.348,0.343,OPEN,0.311,0.32,OPEN,0.33,0.332,7,1,0,0.21
337737581,271,0.312,0.338,OPEN,0.286,0.31,OPEN,0.299,0.324,7,1,0,0.21
337737622,272,0.092,0.29,OPEN,0.123,0.27,OPEN,0.107,0.28,7,1,0,0.21
337737667,273,0.035,0.227,OPEN,0.019,0.21,OPEN,0.027,0.218,7,1,0,0.21
337737710,274,0.029,0.163,CLOSED,0.046,0.157,CLOSED,0.037,0.16,7,1,0,0.21
337737754,275,0.089,0.111,CLOSED,0.1,0.115,CLOSED,0.095,0.113,7,1,0,0.21
337737800,276,0.201,0.089,CLOSED,0.17,0.092,CLOSED,0.185,0.09,7,1,0,0.21
337737839,277,0.226,0.116,CLOSED,0.219,0.111,CLOSED,0.223,0.114,7,1,0,0.21
337737884,278,0.257,0.16,CLOSED,0.254,0.158,CLOSED,0.256,0.159,7,1,0,0.21
337737926,279,0.291,0.213,OPEN,0.266,0.202,CLOSED,0.278,0.208,7,1,0,0.21
337737971,280,0.263,0.248,OPEN,0.252,0.232,OPEN,0.258,0.24,8,1,0,0.21
337738014,281,0.292,0.266,OPEN,0.268,0.252,OPEN,0.28,0.259,8,1,0,0.21
337738057,282,0.288,0.278,OPEN,0.267,0.261,OPEN,0.277,0.27,8,1,0,0.21
337738101,283,0.299,0.287,OPEN,0.273,0.265,OPEN,0.286,0.276,8,1,0,0.21
337738144,284,0.33,0.294,OPEN,0.31,0.274,OPEN,0.32,0.284,8,1,0,0.21
337738186,285,0.371,0.316,OPEN,0.357,0.295,OPEN,0.364,0.305,8,1,0,0.21
337738232,286,0.385,0.335,OPEN,0.39,0.319,OPEN,0.388,0.327,8,1,0,0.21
337738274,287,0.403,0.358,OPEN,0.401,0.346,OPEN,0.402,0.352,8,1,0,0.21
337738319,288,0.418,0.381,OPEN,0.421,0.376,OPEN,0.419,0.379,8,1,0,0.21
337738361,289,0.432,0.402,OPEN,0.42,0.398,OPEN,0.426,0.4,8,1,0,0.21
337738405,290,0.421,0.412,OPEN,0.41,0.408,OPEN,0.415,0.41,8,1,0,0.21
337738447,291,0.45,0.425,OPEN,0.421,0.415,OPEN,0.435,0.42,8,1,0,0.21
337738491,292,0.436,0.431,OPEN,0.437,0.422,OPEN,0.436,0.426,8,1,0,0.21
337738532,293,0.436,0.435,OPEN,0.412,0.42,OPEN,0.424,0.427,8,1,0,0.21
337738577,294,0.436,0.436,OPEN,0.425,0.421,OPEN,0.43,0.428,8,1,0,0.21
337738620,295,0.438,0.439,OPEN,0.436,0.426,OPEN,0.437,0.432,8,1,0,0.21
337738665,296,0.438,0.437,OPEN,0.426,0.427,OPEN,0.432,0.432,8,1,0,0.21
337738705,297,0.426,0.435,OPEN,0.413,0.422,OPEN,0.419,0.428,8,1,0,0.21
337738748,298,0.438,0.435,OPEN,0.405,0.421,OPEN,0.421,0.428,8,1,0,0.21
337738794,299,0.438,0.436,OPEN,0.413,0.419,OPEN,0.425,0.427,8,1,0,0.21
337738837,300,0.452,0.438,OPEN,0.428,0.417,OPEN,0.44,0.427,8,1,0,0.21
337738878,301,0.455,0.442,OPEN,0.427,0.417,OPEN,0.441,0.429,8,1,0,0.21
337738924,302,0.452,0.447,OPEN,0.413,0.417,OPEN,0.432,0.432,8,1,0,0.21
337738967,303,0.439,0.447,OPEN,0.412,0.419,OPEN,0.425,0.433,8,1,0,0.21
337739010,304,0.442,0.448,OPEN,0.425,0.421,OPEN,0.433,0.434,8,1,0,0.21
337739053,305,0.442,0.446,OPEN,0.436,0.423,OPEN,0.439,0.434,8,1,0,0.21
337739098,306,0.456,0.446,OPEN,0.436,0.424,OPEN,0.446,0.435,8,1,0,0.21
337739140,307,0.443,0.444,OPEN,0.438,0.429,OPEN,0.441,0.436,8,1,0,0.21
337739183,308,0.44,0.445,OPEN,0.438,0.435,OPEN,0.439,0.44,8,1,0,0.21
337739224,309,0.44,0.444,OPEN,0.438,0.437,OPEN,0.439,0.441,8,1,0,0.21
337739271,310,0.452,0.446,OPEN,0.438,0.438,OPEN,0.445,0.442,8,1,0,0.21
337739313,311,0.368,0.429,OPEN,0.394,0.429,OPEN,0.381,0.429,8,1,0,0.21
337739355,312,0.122,0.364,OPEN,0.152,0.372,OPEN,0.137,0.368,8,1,0,0.21
337739399,313,0.014,0.279,OPEN,0.014,0.287,OPEN,0.014,0.283,8,1,0,0.21
337739441,314,0.046,0.2,CLOSED,0.033,0.206,CLOSED,0.04,0.203,8,1,0,0.21
337739484,315,0.057,0.121,CLOSED,0.033,0.125,CLOSED,0.045,0.123,8,1,0,0.21
337739530,316,0.036,0.055,CLOSED,0.051,0.057,CLOSED,0.043,0.056,8,1,0,0.21
337739571,317,0.044,0.039,CLOSED,0.034,0.033,CLOSED,0.039,0.036,8,1,0,0.21
337739617,318,0.059,0.048,CLOSED,0.059,0.042,CLOSED,0.059,0.045,8,1,0,0.21
337739657,319,0.059,0.051,CLOSED,0.062,0.048,CLOSED,0.06,0.05,8,1,0,0.21
337739702,320,0.057,0.051,CLOSED,0.062,0.054,CLOSED,0.059,0.052,8,1,0,0.21
337739744,321,0.043,0.052,CLOSED,0.062,0.056,CLOSED,0.052,0.054,8,1,0,0.21
337739788,322,0.044,0.052,CLOSED,0.039,0.057,CLOSED,0.041,0.054,8,1,0,0.21
337739831,323,0.043,0.049,CLOSED,0.039,0.053,CLOSED,0.041,0.051,8,1,0,0.21
337739875,324,0.029,0.043,CLOSED,0.033,0.047,CLOSED,0.031,0.045,8,1,0,0.21
337739917,325,0.029,0.038,CLOSED,0.039,0.042,CLOSED,0.034,0.04,8,1,0,0.21
337739963,326,0.029,0.035,CLOSED,0.033,0.037,CLOSED,0.031,0.036,8,1,0,0.21
337740003,327,0.029,0.032,CLOSED,0.033,0.035,CLOSED,0.031,0.034,8,1,0,0.21
337740048,328,0.058,0.035,CLOSED,0.039,0.035,CLOSED,0.049,0.035,8,1,0,0.21
337740091,329,0.058,0.041,CLOSED,0.027,0.034,CLOSED,0.043,0.038,8,1,0,0.21
337740131,330,0.056,0.046,CLOSED,0.027,0.032,CLOSED,0.042,0.039,8,1,0,0.21
337740177,331,0.014,0.043,CLOSED,0.013,0.028,CLOSED,0.013,0.035,8,1,0,0.21
337740221,332,0.062,0.05,CLOSED,0.111,0.043,CLOSED,0.086,0.046,8,1,0,0.21
337740263,333,0.119,0.062,CLOSED,0.171,0.07,CLOSED,0.145,0.066,8,1,0,0.21
337740308,334,0.154,0.081,CLOSED,0.198,0.104,CLOSED,0.176,0.092,8,1,0,0.21
337740349,335,0.197,0.109,CLOSED,0.212,0.141,CLOSED,0.205,0.125,8,1,0,0.21
337740393,336,0.214,0.149,CLOSED,0.239,0.186,CLOSED,0.226,0.167,8,1,0,0.21
337740435,337,0.22,0.181,CLOSED,0.232,0.21,OPEN,0.226,0.196,9,1,0,0.21
337740481,338,0.12,0.181,CLOSED,0.151,0.206,CLOSED,0.136,0.194,9,1,0,0.21
337740522,339,0.047,0.16,CLOSED,0.067,0.18,CLOSED,0.057,0.17,9,1,0,0.21
337740567,340,0.042,0.129,CLOSED,0.083,0.154,CLOSED,0.062,0.142,9,1,0,0.21
337740609,341,0.146,0.115,CLOSED,0.153,0.137,CLOSED,0.149,0.126,9,1,0,0.21
337740652,342,0.222,0.115,CLOSED,0.228,0.136,CLOSED,0.225,0.126,9,1,0,0.21
337740698,343,0.268,0.145,CLOSED,0.255,0.157,CLOSED,0.262,0.151,9,1,0,0.21
337740736,344,0.283,0.192,CLOSED,0.26,0.196,CLOSED,0.271,0.194,9,1,0,0.21
337740782,345,0.312,0.246,OPEN,0.283,0.236,OPEN,0.297,0.241,10,1,0,0.21
337740824,346,0.283,0.274,OPEN,0.283,0.262,OPEN,0.283,0.268,10,1,0,0.21
337740870,347,0.312,0.292,OPEN,0.283,0.273,OPEN,0.297,0.282,10,1,0,0.21
337740913,348,0.312,0.3,OPEN,0.283,0.278,OPEN,0.297,0.289,10,1,0,0.21
337740959,349,0.314,0.307,OPEN,0.291,0.285,OPEN,0.302,0.296,10,1,0,0.21
337741000,350,0.312,0.307,OPEN,0.291,0.286,OPEN,0.301,0.296,10,1,0,0.21
337741042,351,0.297,0.309,OPEN,0.291,0.288,OPEN,0.294,0.298,10,1,0,0.21
337741086,352,0.291,0.305,OPEN,0.292,0.29,OPEN,0.291,0.297,10,1,0,0.21
337741130,353,0.298,0.302,OPEN,0.284,0.29,OPEN,0.291,0.296,10,1,0,0.21
337741172,354,0.289,0.297,OPEN,0.297,0.291,OPEN,0.293,0.294,10,1,0,0.21
337741215,355,0.303,0.296,OPEN,0.297,0.292,OPEN,0.3,0.294,10,1,0,0.21
337741258,356,0.303,0.297,OPEN,0.297,0.293,OPEN,0.3,0.295,10,1,0,0.21
337741301,357,0.303,0.299,OPEN,0.298,0.295,OPEN,0.3,0.297,10,1,0,0.21
337741347,358,0.222,0.284,OPEN,0.227,0.283,OPEN,0.225,0.283,10,1,0,0.21
337741387,359,0.034,0.233,OPEN,0.044,0.233,OPEN,0.039,0.233,10,1,0,0.21
337741434,360,0.014,0.175,CLOSED,0.0,0.173,CLOSED,0.007,0.174,10,1,0,0.21
337741474,361,0.047,0.124,CLOSED,0.014,0.117,CLOSED,0.03,0.12,10,1,0,0.21
337741515,362,0.04,0.071,CLOSED,0.014,0.06,CLOSED,0.027,0.066,10,1,0,0.21
337741563,363,0.028,0.033,CLOSED,0.014,0.017,CLOSED,0.021,0.025,10,1,0,0.21
337741605,364,0.041,0.034,CLOSED,0.034,0.015,CLOSED,0.038,0.025,10,1,0,0.21
337741648,365,0.034,0.038,CLOSED,0.034,0.022,CLOSED,0.034,0.03,10,1,0,0.21
337741690,366,0.028,0.034,CLOSED,0.033,0.026,CLOSED,0.03,0.03,10,1,0,0.21
337741735,367,0.014,0.029,CLOSED,0.038,0.031,CLOSED,0.026,0.03,10,1,0,0.21
337741778,368,0.0,0.023,CLOSED,0.033,0.034,CLOSED,0.017,0.029,10,1,0,0.21
337741821,369,0.034,0.022,CLOSED,0.033,0.034,CLOSED,0.034,0.028,10,1,0,0.21
337741862,370,0.187,0.053,CLOSED,0.013,0.03,CLOSED,0.1,0.041,10,1,0,0.21
337741908,371,0.258,0.099,CLOSED,0.013,0.026,CLOSED,0.136,0.062,10,1,0,0.21
337741950,372,0.265,0.149,CLOSED,0.026,0.024,CLOSED,0.146,0.086,10,1,0,0.21
337741993,373,0.275,0.204,CLOSED,0.013,0.02,CLOSED,0.144,0.112,10,1,0,0.21
337742038,374,0.265,0.25,OPEN,0.036,0.02,CLOSED,0.15,0.135,10,1,0,0.21
337742081,375,0.251,0.263,OPEN,0.037,0.025,CLOSED,0.144,0.144,10,1,0,0.21
337742125,376,0.188,0.249,OPEN,0.0,0.022,CLOSED,0.094,0.136,10,1,0,0.21
337742166,377,0.028,0.201,CLOSED,0.013,0.02,CLOSED,0.021,0.111,10,1,0,0.21
337742211,378,0.058,0.158,CLOSED,0.0,0.017,CLOSED,0.029,0.087,10,1,0,0.21
337742251,379,0.045,0.114,CLOSED,0.113,0.033,CLOSED,0.079,0.074,10,1,0,0.21
337742298,380,0.014,0.067,CLOSED,0.198,0.065,CLOSED,0.106,0.066,10,1,0,0.21
337742341,381,0.039,0.037,CLOSED,0.218,0.108,CLOSED,0.129,0.072,10,1,0,0.21
337742381,382,0.039,0.039,CLOSED,0.244,0.155,CLOSED,0.141,0.097,10,1,0,0.21
337742427,383,0.059,0.039,CLOSED,0.255,0.206,CLOSED,0.157,0.122,10,1,0,0.21
337742470,384,0.07,0.044,CLOSED,0.254,0.234,OPEN,0.162,0.139,11,1,0,0.21
337742512,385,0.07,0.055,CLOSED,0.28,0.25,OPEN,0.175,0.152,11,1,0,0.21
337742555,386,0.06,0.06,CLOSED,0.273,0.261,OPEN,0.167,0.161,11,1,0,0.21
337742600,387,0.062,0.064,CLOSED,0.267,0.266,OPEN,0.165,0.165,11,1,0,0.21
337742642,388,0.081,0.069,CLOSED,0.26,0.267,OPEN,0.171,0.168,11,1,0,0.21
337742687,389,0.077,0.07,CLOSED,0.293,0.275,OPEN,0.185,0.173,11,1,0,0.21
337742729,390,0.064,0.069,CLOSED,0.293,0.277,OPEN,0.178,0.173,11,1,0,0.21
337742771,391,0.064,0.07,CLOSED,0.293,0.281,OPEN,0.178,0.176,11,1,0,0.21
337742815,392,0.077,0.073,CLOSED,0.279,0.284,OPEN,0.178,0.178,11,1,0,0.21
337742861,393,0.077,0.072,CLOSED,0.292,0.29,OPEN,0.184,0.181,11,1,0,0.21
337742903,394,0.075,0.071,CLOSED,0.293,0.29,OPEN,0.184,0.18,11,1,0,0.21
337742944,395,0.094,0.077,CLOSED,0.291,0.29,OPEN,0.193,0.183,11,1,0,0.21
337742988,396,0.107,0.086,CLOSED,0.32,0.295,OPEN,0.213,0.191,11,1,0,0.21
337743030,397,0.09,0.089,CLOSED,0.301,0.299,OPEN,0.196,0.194,11,1,0,0.21
337743076,398,0.075,0.088,CLOSED,0.318,0.305,OPEN,0.197,0.197,11,1,0,0.21
337743119,399,0.094,0.092,CLOSED,0.294,0.305,OPEN,0.194,0.199,11,1,0,0.21
337743160,400,0.107,0.095,CLOSED,0.318,0.31,OPEN,0.212,0.203,11,1,0,0.21
337743206,401,0.091,0.091,CLOSED,0.318,0.31,OPEN,0.205,0.201,11,1,0,0.21
337743247,402,0.091,0.092,CLOSED,0.312,0.312,OPEN,0.202,0.202,11,1,0,0.21
337743290,403,0.091,0.095,CLOSED,0.312,0.311,OPEN,0.202,0.203,11,1,0,0.21
337743335,404,0.091,0.094,CLOSED,0.312,0.314,OPEN,0.202,0.204,11,1,0,0.21
337743378,405,0.091,0.091,CLOSED,0.312,0.313,OPEN,0.202,0.202,11,1,0,0.21
337743421,406,0.101,0.093,CLOSED,0.281,0.306,OPEN,0.191,0.2,11,1,0,0.21
337743465,407,0.075,0.09,CLOSED,0.085,0.26,OPEN,0.08,0.175,11,1,0,0.21
337743507,408,0.062,0.084,CLOSED,0.026,0.203,CLOSED,0.044,0.144,11,1,0,0.21
337743552,409,0.101,0.086,CLOSED,0.026,0.146,CLOSED,0.064,0.116,11,1,0,0.21
337743593,410,0.196,0.107,CLOSED,0.026,0.089,CLOSED,0.111,0.098,11,1,0,0.21
337743634,411,0.23,0.133,CLOSED,0.026,0.038,CLOSED,0.128,0.086,11,1,0,0.21
337743682,412,0.251,0.168,CLOSED,0.013,0.023,CLOSED,0.132,0.096,11,1,0,0.21
337743726,413,0.244,0.204,CLOSED,0.014,0.021,CLOSED,0.129,0.112,11,1,0,0.21
337743766,414,0.23,0.23,OPEN,0.027,0.021,CLOSED,0.129,0.126,11,1,0,0.21
337743812,415,0.074,0.206,CLOSED,0.066,0.029,CLOSED,0.07,0.117,11,1,0,0.21
337743853,416,0.069,0.174,CLOSED,0.069,0.038,CLOSED,0.069,0.106,11,1,0,0.21
337743899,417,0.15,0.153,CLOSED,0.073,0.05,CLOSED,0.111,0.102,11,1,0,0.21
337743941,418,0.208,0.146,CLOSED,0.051,0.057,CLOSED,0.13,0.101,11,1,0,0.21
337743982,419,0.237,0.148,CLOSED,0.028,0.057,CLOSED,0.133,0.102,11,1,0,0.21
337744028,420,0.24,0.181,CLOSED,0.034,0.051,CLOSED,0.137,0.116,11,1,0,0.21
337744071,421,0.263,0.22,OPEN,0.014,0.04,CLOSED,0.139,0.13,11,1,0,0.21
337744113,422,0.263,0.242,OPEN,0.014,0.028,CLOSED,0.139,0.135,11,1,0,0.21
337744158,423,0.263,0.253,OPEN,0.034,0.025,CLOSED,0.149,0.139,11,1,0,0.21
337744200,424,0.263,0.258,OPEN,0.014,0.022,CLOSED,0.139,0.14,11,1,0,0.21
337744244,425,0.263,0.263,OPEN,0.019,0.019,CLOSED,0.141,0.141,11,1,0,0.21
337744284,426,0.275,0.265,OPEN,0.019,0.02,CLOSED,0.147,0.143,11,1,0,0.21
337744330,427,0.281,0.269,OPEN,0.019,0.021,CLOSED,0.15,0.145,11,1,0,0.21
337744373,428,0.281,0.273,OPEN,0.044,0.023,CLOSED,0.163,0.148,11,1,0,0.21
337744415,429,0.308,0.282,OPEN,0.044,0.029,CLOSED,0.176,0.155,11,1,0,0.21
337744461,430,0.317,0.292,OPEN,0.044,0.034,CLOSED,0.18,0.163,11,1,0,0.21
337744503,431,0.308,0.299,OPEN,0.044,0.039,CLOSED,0.176,0.169,11,1,0,0.21
337744544,432,0.311,0.305,OPEN,0.041,0.043,CLOSED,0.176,0.174,11,1,0,0.21
337744590,433,0.312,0.311,OPEN,0.057,0.046,CLOSED,0.184,0.178,11,1,0,0.21
337744632,434,0.326,0.315,OPEN,0.07,0.051,CLOSED,0.198,0.183,11,1,0,0.21
337744677,435,0.326,0.317,OPEN,0.081,0.059,CLOSED,0.204,0.188,11,1,0,0.21
337744717,436,0.311,0.317,OPEN,0.083,0.066,CLOSED,0.197,0.192,11,1,0,0.21
337744763,437,0.322,0.319,OPEN,0.099,0.078,CLOSED,0.211,0.199,11,1,0,0.21
337744807,438,0.321,0.321,OPEN,0.07,0.081,CLOSED,0.196,0.201,11,1,0,0.21
337744849,439,0.311,0.318,OPEN,0.068,0.08,CLOSED,0.19,0.199,11,1,0,0.21
337744891,440,0.313,0.316,OPEN,0.068,0.078,CLOSED,0.191,0.197,11,1,0,0.21
337744937,441,0.323,0.318,OPEN,0.068,0.075,CLOSED,0.196,0.197,11,1,0,0.21
337744978,442,0.321,0.318,OPEN,0.07,0.069,CLOSED,0.196,0.194,11,1,0,0.21
337745020,443,0.322,0.318,OPEN,0.069,0.069,CLOSED,0.196,0.194,11,1,0,0.21
337745062,444,0.322,0.32,OPEN,0.067,0.068,CLOSED,0.195,0.194,11,1,0,0.21
337745109,445,0.319,0.321,OPEN,0.059,0.067,CLOSED,0.189,0.194,11,1,0,0.21
337745152,446,0.291,0.315,OPEN,0.042,0.061,CLOSED,0.166,0.188,11,1,0,0.21
337745192,447,0.034,0.258,OPEN,0.029,0.053,CLOSED,0.032,0.155,11,1,0,0.21
337745239,448,0.03,0.199,CLOSED,0.0,0.039,CLOSED,0.015,0.119,11,1,0,0.21
337745281,449,0.03,0.141,CLOSED,0.064,0.039,CLOSED,0.047,0.09,11,1,0,0.21
337745322,450,0.016,0.08,CLOSED,0.195,0.066,CLOSED,0.106,0.073,11,1,0,0.21
337745368,451,0.064,0.035,CLOSED,0.224,0.102,CLOSED,0.144,0.069,11,1,0,0.21
337745411,452,0.066,0.041,CLOSED,0.265,0.15,CLOSED,0.166,0.096,11,1,0,0.21
337745456,453,0.073,0.05,CLOSED,0.249,0.199,CLOSED,0.161,0.124,11,1,0,0.21
337745497,454,0.089,0.062,CLOSED,0.263,0.239,OPEN,0.176,0.15,12,1,0,0.21
337745542,455,0.089,0.076,CLOSED,0.266,0.253,OPEN,0.177,0.165,12,1,0,0.21
337745585,456,0.082,0.08,CLOSED,0.25,0.259,OPEN,0.166,0.17,12,1,0,0.21
337745627,457,0.078,0.082,CLOSED,0.25,0.256,OPEN,0.164,0.169,12,1,0,0.21
337745670,458,0.079,0.083,CLOSED,0.247,0.255,OPEN,0.163,0.169,12,1,0,0.21
337745714,459,0.074,0.08,CLOSED,0.247,0.252,OPEN,0.161,0.166,12,1,0,0.21
337745758,460,0.078,0.078,CLOSED,0.23,0.245,OPEN,0.154,0.162,12,1,0,0.21
337745800,461,0.077,0.077,CLOSED,0.166,0.228,OPEN,0.121,0.152,12,1,0,0.21
337745844,462,0.037,0.069,CLOSED,0.019,0.182,CLOSED,0.028,0.126,12,1,0,0.21
337745888,463,0.035,0.06,CLOSED,0.0,0.132,CLOSED,0.018,0.096,12,1,0,0.21
337745929,464,0.0,0.045,CLOSED,0.0,0.083,CLOSED,0.0,0.064,12,1,0,0.21
337745975,465,0.074,0.045,CLOSED,0.077,0.052,CLOSED,0.075,0.049,12,1,0,0.21
337746017,466,0.212,0.072,CLOSED,0.154,0.05,CLOSED,0.183,0.061,12,1,0,0.21
337746058,467,0.281,0.12,CLOSED,0.232,0.093,CLOSED,0.257,0.106,12,1,0,0.21
337746104,468,0.289,0.171,CLOSED,0.278,0.148,CLOSED,0.283,0.16,12,1,0,0.21
337746148,469,0.289,0.229,OPEN,0.259,0.2,CLOSED,0.274,0.215,12,1,0,0.21
337746189,470,0.28,0.27,OPEN,0.285,0.242,OPEN,0.282,0.256,13,1,0,0.21
337746231,471,0.28,0.284,OPEN,0.285,0.268,OPEN,0.282,0.276,13,1,0,0.21
337746278,472,0.28,0.284,OPEN,0.285,0.278,OPEN,0.282,0.281,13,1,0,0.21
337746321,473,0.286,0.283,OPEN,0.285,0.28,OPEN,0.285,0.281,13,1,0,0.21
337746360,474,0.303,0.286,OPEN,0.31,0.29,OPEN,0.306,0.288,13,1,0,0.21
337746407,475,0.294,0.289,OPEN,0.31,0.295,OPEN,0.302,0.292,13,1,0,0.21
337746448,476,0.294,0.291,OPEN,0.299,0.298,OPEN,0.296,0.294,13,1,0,0.21
337746494,477,0.285,0.292,OPEN,0.282,0.297,OPEN,0.283,0.294,13,1,0,0.21
337746535,478,0.268,0.289,OPEN,0.282,0.297,OPEN,0.275,0.293,13,1,0,0.21
337746580,479,0.301,0.288,OPEN,0.29,0.293,OPEN,0.295,0.29,13,1,0,0.21
337746623,480,0.274,0.284,OPEN,0.306,0.292,OPEN,0.29,0.288,13,1,0,0.21
337746665,481,0.308,0.287,OPEN,0.29,0.29,OPEN,0.299,0.288,13,1,0,0.21
337746709,482,0.307,0.292,OPEN,0.307,0.295,OPEN,0.307,0.293,13,1,0,0.21
337746750,483,0.308,0.3,OPEN,0.306,0.3,OPEN,0.307,0.3,13,1,0,0.21
337746795,484,0.294,0.298,OPEN,0.291,0.3,OPEN,0.292,0.299,13,1,0,0.21
337746840,485,0.326,0.309,OPEN,0.306,0.3,OPEN,0.316,0.304,13,1,0,0.21
337746881,486,0.31,0.309,OPEN,0.305,0.303,OPEN,0.307,0.306,13,1,0,0.21
337746925,487,0.297,0.307,OPEN,0.331,0.308,OPEN,0.314,0.307,13,1,0,0.21
337746969,488,0.285,0.302,OPEN,0.305,0.308,OPEN,0.295,0.305,13,1,0,0.21
337747011,489,0.303,0.304,OPEN,0.303,0.31,OPEN,0.303,0.307,13,1,0,0.21
337747053,490,0.313,0.302,OPEN,0.319,0.313,OPEN,0.316,0.307,13,1,0,0.21
337747099,491,0.313,0.302,OPEN,0.304,0.312,OPEN,0.308,0.307,13,1,0,0.21
337747142,492,0.332,0.309,OPEN,0.336,0.313,OPEN,0.334,0.311,13,1,0,0.21
337747186,493,0.313,0.315,OPEN,0.335,0.319,OPEN,0.324,0.317,13,1,0,0.21
337747227,494,0.326,0.319,OPEN,0.335,0.326,OPEN,0.331,0.323,13,1,0,0.21
337747272,495,0.326,0.322,OPEN,0.335,0.329,OPEN,0.331,0.326,13,1,0,0.21
337747315,496,0.329,0.325,OPEN,0.326,0.333,OPEN,0.328,0.329,13,1,0,0.21
337747358,497,0.326,0.324,OPEN,0.321,0.33,OPEN,0.324,0.327,13,1,0,0.21
337747400,498,0.31,0.323,OPEN,0.337,0.331,OPEN,0.324,0.327,13,1,0,0.21
337747445,499,0.268,0.312,OPEN,0.274,0.319,OPEN,0.271,0.316,13,1,0,0.21
337747488,500,0.055,0.258,OPEN,0.051,0.262,OPEN,0.053,0.26,13,1,0,0.21
337747529,501,0.016,0.195,CLOSED,0.036,0.204,CLOSED,0.026,0.2,13,1,0,0.21
337747575,502,0.0,0.13,CLOSED,0.029,0.145,CLOSED,0.015,0.138,13,1,0,0.21
337747616,503,0.016,0.071,CLOSED,0.038,0.086,CLOSED,0.027,0.078,13,1,0,0.21
337747659,504,0.131,0.044,CLOSED,0.163,0.063,CLOSED,0.147,0.053,13,1,0,0.21
337747704,505,0.218,0.076,CLOSED,0.194,0.092,CLOSED,0.206,0.084,13,1,0,0.21
337747745,506,0.234,0.12,CLOSED,0.226,0.13,CLOSED,0.23,0.125,13,1,0,0.21
337747791,507,0.244,0.169,CLOSED,0.252,0.175,CLOSED,0.248,0.172,13,1,0,0.21
337747833,508,0.252,0.216,OPEN,0.259,0.219,OPEN,0.256,0.217,14,1,0,0.21
337747875,509,0.276,0.245,OPEN,0.259,0.238,OPEN,0.268,0.241,14,1,0,0.21
337747921,510,0.276,0.256,OPEN,0.276,0.254,OPEN,0.276,0.255,14,1,0,0.21
337747964,511,0.292,0.268,OPEN,0.291,0.267,OPEN,0.291,0.268,14,1,0,0.21
337748007,512,0.275,0.274,OPEN,0.306,0.278,OPEN,0.29,0.276,14,1,0,0.21
337748049,513,0.318,0.287,OPEN,0.304,0.287,OPEN,0.311,0.287,14,1,0,0.21
337748091,514,0.307,0.294,OPEN,0.321,0.3,OPEN,0.314,0.297,14,1,0,0.21
337748137,515,0.307,0.3,OPEN,0.305,0.305,OPEN,0.306,0.302,14,1,0,0.21
337748180,516,0.301,0.302,OPEN,0.305,0.308,OPEN,0.303,0.305,14,1,0,0.21
337748221,517,0.301,0.307,OPEN,0.305,0.308,OPEN,0.303,0.307,14,1,0,0.21
337748268,518,0.301,0.303,OPEN,0.306,0.308,OPEN,0.303,0.305,14,1,0,0.21
337748309,519,0.301,0.302,OPEN,0.306,0.305,OPEN,0.303,0.303,14,1,0,0.21
337748353,520,0.307,0.302,OPEN,0.306,0.306,OPEN,0.306,0.304,14,1,0,0.21
337748395,521,0.285,0.299,OPEN,0.282,0.301,OPEN,0.283,0.3,14,1,0,0.21
337748440,522,0.044,0.248,OPEN,0.081,0.256,OPEN,0.062,0.252,14,1,0,0.21
337748482,523,0.0,0.187,CLOSED,0.048,0.205,CLOSED,0.024,0.196,14,1,0,0.21
337748527,524,0.0,0.127,CLOSED,0.05,0.153,CLOSED,0.025,0.14,14,1,0,0.21
337748569,525,0.121,0.09,CLOSED,0.138,0.12,CLOSED,0.13,0.105,14,1,0,0.21
337748612,526,0.208,0.075,CLOSED,0.196,0.103,CLOSED,0.202,0.089,14,1,0,0.21
337748655,527,0.232,0.112,CLOSED,0.242,0.135,CLOSED,0.237,0.123,14,1,0,0.21
337748697,528,0.277,0.168,CLOSED,0.294,0.184,CLOSED,0.285,0.176,14,1,0,0.21
337748743,529,0.293,0.226,OPEN,0.311,0.236,OPEN,0.302,0.231,15,1,0,0.21
337748784,530,0.3,0.262,OPEN,0.294,0.267,OPEN,0.297,0.265,15,1,0,0.21
337748829,531,0.3,0.28,OPEN,0.301,0.288,OPEN,0.3,0.284,15,1,0,0.21
337748872,532,0.3,0.294,OPEN,0.266,0.293,OPEN,0.283,0.293,15,1,0,0.21
337748914,533,0.3,0.299,OPEN,0.299,0.294,OPEN,0.299,0.296,15,1,0,0.21
337748958,534,0.317,0.303,OPEN,0.315,0.295,OPEN,0.316,0.299,15,1,0,0.21
337749000,535,0.317,0.307,OPEN,0.316,0.299,OPEN,0.317,0.303,15,1,0,0.21
337749045,536,0.334,0.314,OPEN,0.316,0.302,OPEN,0.325,0.308,15,1,0,0.21
337749088,537,0.317,0.317,OPEN,0.333,0.316,OPEN,0.325,0.317,15,1,0,0.21
337749131,538,0.311,0.319,OPEN,0.299,0.316,OPEN,0.305,0.318,15,1,0,0.21
337749173,539,0.326,0.321,OPEN,0.332,0.319,OPEN,0.329,0.32,15,1,0,0.21
337749215,540,0.334,0.324,OPEN,0.316,0.319,OPEN,0.325,0.322,15,1,0,0.21
337749262,541,0.333,0.324,OPEN,0.333,0.323,OPEN,0.333,0.324,15,1,0,0.21
337749305,542,0.333,0.327,OPEN,0.317,0.319,OPEN,0.325,0.323,15,1,0,0.21
337749346,543,0.316,0.328,OPEN,0.331,0.326,OPEN,0.324,0.327,15,1,0,0.21
337749391,544,0.317,0.327,OPEN,0.315,0.322,OPEN,0.316,0.325,15,1,0,0.21
337749433,545,0.318,0.323,OPEN,0.33,0.325,OPEN,0.324,0.324,15,1,0,0.21
337749478,546,0.317,0.32,OPEN,0.299,0.318,OPEN,0.308,0.319,15,1,0,0.21
337749521,547,0.317,0.317,OPEN,0.306,0.316,OPEN,0.311,0.317,15,1,0,0.21
337749564,548,0.318,0.317,OPEN,0.33,0.316,OPEN,0.324,0.317,15,1,0,0.21
337749608,549,0.329,0.32,OPEN,0.321,0.317,OPEN,0.325,0.319,15,1,0,0.21
337749649,550,0.318,0.32,OPEN,0.322,0.316,OPEN,0.32,0.318,15,1,0,0.21
337749692,551,0.335,0.323,OPEN,0.32,0.32,OPEN,0.328,0.322,15,1,0,0.21
337749734,552,0.318,0.324,OPEN,0.33,0.325,OPEN,0.324,0.325,15,1,0,0.21
337749776,553,0.337,0.327,OPEN,0.33,0.325,OPEN,0.334,0.326,15,1,0,0.21
337749821,554,0.302,0.322,OPEN,0.32,0.324,OPEN,0.311,0.323,15,1,0,0.21
337749865,555,0.318,0.322,OPEN,0.33,0.326,OPEN,0.324,0.324,15,1,0,0.21
337749910,556,0.312,0.317,OPEN,0.315,0.325,OPEN,0.314,0.321,15,1,0,0.21
337749952,557,0.312,0.316,OPEN,0.316,0.322,OPEN,0.314,0.319,15,1,0,0.21
337749996,558,0.278,0.304,OPEN,0.283,0.313,OPEN,0.28,0.308,15,1,0,0.21
337750038,559,0.056,0.255,OPEN,0.054,0.26,OPEN,0.055,0.258,15,1,0,0.21
337750080,560,0.04,0.2,CLOSED,0.0,0.194,CLOSED,0.02,0.197,15,1,0,0.21
337750125,561,0.033,0.144,CLOSED,0.04,0.139,CLOSED,0.037,0.142,15,1,0,0.21
337750169,562,0.034,0.088,CLOSED,0.103,0.096,CLOSED,0.069,0.092,15,1,0,0.21
337750208,563,0.155,0.064,CLOSED,0.125,0.064,CLOSED,0.14,0.064,15,1,0,0.21
337750255,564,0.251,0.103,CLOSED,0.157,0.085,CLOSED,0.204,0.094,15,1,0,0.21
337750296,565,0.251,0.145,CLOSED,0.19,0.123,CLOSED,0.221,0.134,15,1,0,0.21
337750339,566,0.267,0.192,CLOSED,0.242,0.163,CLOSED,0.255,0.177,15,1,0,0.21
337750386,567,0.268,0.238,OPEN,0.242,0.191,CLOSED,0.255,0.214,15,1,0,0.21
337750428,568,0.276,0.263,OPEN,0.234,0.213,OPEN,0.255,0.238,16,1,0,0.21
337750471,569,0.286,0.27,OPEN,0.258,0.233,OPEN,0.272,0.252,16,1,0,0.21
337750514,570,0.285,0.276,OPEN,0.277,0.251,OPEN,0.281,0.264,16,1,0,0.21
337750560,571,0.276,0.278,OPEN,0.277,0.258,OPEN,0.277,0.268,16,1,0,0.21
337750602,572,0.293,0.283,OPEN,0.277,0.265,OPEN,0.285,0.274,16,1,0,0.21
337750643,573,0.293,0.287,OPEN,0.292,0.276,OPEN,0.292,0.281,16,1,0,0.21
337750685,574,0.293,0.288,OPEN,0.283,0.281,OPEN,0.288,0.284,16,1,0,0.21
337750730,575,0.301,0.291,OPEN,0.315,0.289,OPEN,0.308,0.29,16,1,0,0.21
337750773,576,0.311,0.298,OPEN,0.311,0.296,OPEN,0.311,0.297,16,1,0,0.21
337750818,577,0.293,0.298,OPEN,0.3,0.3,OPEN,0.296,0.299,16,1,0,0.21
337750860,578,0.295,0.299,OPEN,0.309,0.304,OPEN,0.302,0.301,16,1,0,0.21
337750904,579,0.311,0.302,OPEN,0.3,0.307,OPEN,0.305,0.304,16,1,0,0.21
337750945,580,0.285,0.299,OPEN,0.299,0.304,OPEN,0.292,0.301,16,1,0,0.21
337750988,581,0.293,0.295,OPEN,0.299,0.301,OPEN,0.296,0.298,16,1,0,0.21
337751034,582,0.295,0.296,OPEN,0.316,0.305,OPEN,0.305,0.3,16,1,0,0.21
337751075,583,0.295,0.296,OPEN,0.326,0.308,OPEN,0.31,0.302,16,1,0,0.21
337751120,584,0.285,0.291,OPEN,0.326,0.313,OPEN,0.305,0.302,16,1,0,0.21
337751163,585,0.294,0.292,OPEN,0.315,0.316,OPEN,0.304,0.304,16,1,0,0.21
337751205,586,0.295,0.293,OPEN,0.299,0.316,OPEN,0.297,0.304,16,1,0,0.21
337751251,587,0.295,0.293,OPEN,0.299,0.313,OPEN,0.297,0.303,16,1,0,0.21
337751294,588,0.295,0.293,OPEN,0.299,0.308,OPEN,0.297,0.3,16,1,0,0.21
337751338,589,0.285,0.293,OPEN,0.309,0.304,OPEN,0.297,0.298,16,1,0,0.21
337751379,590,0.284,0.291,OPEN,0.309,0.303,OPEN,0.296,0.297,16,1,0,0.21
337751424,591,0.312,0.294,OPEN,0.316,0.306,OPEN,0.314,0.3,16,1,0,0.21
337751466,592,0.278,0.291,OPEN,0.282,0.303,OPEN,0.28,0.297,16,1,0,0.21
337751508,593,0.042,0.24,OPEN,0.106,0.264,OPEN,0.074,0.252,16,1,0,0.21
337751554,594,0.017,0.187,CLOSED,0.042,0.211,OPEN,0.03,0.199,16,1,0,0.21
337751596,595,0.024,0.135,CLOSED,0.052,0.16,CLOSED,0.038,0.148,16,1,0,0.21
337751639,596,0.106,0.093,CLOSED,0.155,0.127,CLOSED,0.131,0.11,16,1,0,0.21
337751683,597,0.207,0.079,CLOSED,0.224,0.116,CLOSED,0.215,0.098,16,1,0,0.21
337751725,598,0.208,0.112,CLOSED,0.241,0.143,CLOSED,0.224,0.128,16,1,0,0.21
337751771,599,0.244,0.158,CLOSED,0.275,0.189,CLOSED,0.26,0.173,16,1,0,0.21
337751810,600,0.244,0.202,CLOSED,0.275,0.234,OPEN,0.26,0.218,17,1,0,0.21
337751857,601,0.261,0.233,OPEN,0.275,0.258,OPEN,0.268,0.245,17,1,0,0.21
337751900,602,0.278,0.247,OPEN,0.283,0.27,OPEN,0.28,0.259,17,1,0,0.21
337751941,603,0.295,0.264,OPEN,0.3,0.282,OPEN,0.297,0.273,17,1,0,0.21
337751987,604,0.295,0.275,OPEN,0.3,0.287,OPEN,0.297,0.281,17,1,0,0.21
337752029,605,0.295,0.285,OPEN,0.3,0.292,OPEN,0.297,0.288,17,1,0,0.21
337752073,606,0.312,0.295,OPEN,0.299,0.296,OPEN,0.305,0.295,17,1,0,0.21
337752115,607,0.312,0.302,OPEN,0.31,0.302,OPEN,0.311,0.302,17,1,0,0.21
337752158,608,0.312,0.305,OPEN,0.309,0.304,OPEN,0.31,0.304,17,1,0,0.21
337752201,609,0.332,0.313,OPEN,0.29,0.302,OPEN,0.311,0.307,17,1,0,0.21
337752243,610,0.312,0.316,OPEN,0.297,0.301,OPEN,0.304,0.308,17,1,0,0.21
337752287,611,0.312,0.316,OPEN,0.298,0.301,OPEN,0.305,0.308,17,1,0,0.21
337752334,612,0.323,0.318,OPEN,0.299,0.299,OPEN,0.311,0.308,17,1,0,0.21
337752376,613,0.323,0.32,OPEN,0.309,0.299,OPEN,0.316,0.309,17,1,0,0.21
337752418,614,0.312,0.316,OPEN,0.299,0.3,OPEN,0.305,0.308,17,1,0,0.21
337752464,615,0.288,0.312,OPEN,0.274,0.296,OPEN,0.281,0.304,17,1,0,0.21
337752506,616,0.052,0.26,OPEN,0.052,0.247,OPEN,0.052,0.254,17,1,0,0.21
337752549,617,0.017,0.198,CLOSED,0.024,0.192,CLOSED,0.021,0.195,17,1,0,0.21
337752593,618,0.0,0.134,CLOSED,0.017,0.133,CLOSED,0.009,0.134,17,1,0,0.21
337752635,619,0.017,0.075,CLOSED,0.042,0.082,CLOSED,0.03,0.079,17,1,0,0.21
337752678,620,0.11,0.039,CLOSED,0.148,0.057,CLOSED,0.129,0.048,17,1,0,0.21
337752721,621,0.223,0.073,CLOSED,0.214,0.089,CLOSED,0.218,0.081,17,1,0,0.21
337752764,622,0.252,0.12,CLOSED,0.249,0.134,CLOSED,0.251,0.127,17,1,0,0.21
337752807,623,0.286,0.178,CLOSED,0.285,0.188,CLOSED,0.285,0.183,17,1,0,0.21
337752853,624,0.305,0.235,OPEN,0.31,0.241,OPEN,0.307,0.238,18,1,0,0.21
337752895,625,0.305,0.274,OPEN,0.31,0.274,OPEN,0.307,0.274,18,1,0,0.21
337752937,626,0.305,0.291,OPEN,0.292,0.289,OPEN,0.298,0.29,18,1,0,0.21
337752980,627,0.288,0.298,OPEN,0.275,0.294,OPEN,0.281,0.296,18,1,0,0.21
337753025,628,0.304,0.301,OPEN,0.299,0.297,OPEN,0.301,0.299,18,1,0,0.21
337753066,629,0.293,0.299,OPEN,0.299,0.295,OPEN,0.296,0.297,18,1,0,0.21
337753111,630,0.306,0.299,OPEN,0.284,0.29,OPEN,0.295,0.294,18,1,0,0.21
337753152,631,0.196,0.277,OPEN,0.225,0.276,OPEN,0.211,0.277,18,1,0,0.21
337753200,632,0.04,0.228,OPEN,0.017,0.225,OPEN,0.029,0.227,18,1,0,0.21
337753241,633,0.041,0.175,CLOSED,0.016,0.168,CLOSED,0.029,0.171,18,1,0,0.21
337753283,634,0.049,0.126,CLOSED,0.031,0.115,CLOSED,0.04,0.12,18,1,0,0.21
337753326,635,0.041,0.073,CLOSED,0.039,0.066,CLOSED,0.04,0.07,18,1,0,0.21
337753372,636,0.071,0.048,CLOSED,0.086,0.038,CLOSED,0.078,0.043,18,1,0,0.21
337753412,637,0.148,0.07,CLOSED,0.155,0.065,CLOSED,0.151,0.068,18,1,0,0.21
337753458,638,0.205,0.103,CLOSED,0.172,0.097,CLOSED,0.189,0.1,18,1,0,0.21
337753501,639,0.233,0.14,CLOSED,0.214,0.133,CLOSED,0.224,0.137,18,1,0,0.21
337753541,640,0.232,0.178,CLOSED,0.224,0.17,CLOSED,0.228,0.174,18,1,0,0.21
337753585,641,0.232,0.21,OPEN,0.241,0.201,CLOSED,0.236,0.206,18,1,0,0.21
337753632,642,0.286,0.238,OPEN,0.266,0.223,OPEN,0.276,0.23,19,1,0,0.21
337753674,643,0.286,0.254,OPEN,0.267,0.242,OPEN,0.276,0.248,19,1,0,0.21
337753714,644,0.286,0.264,OPEN,0.267,0.253,OPEN,0.276,0.259,19,1,0,0.21
337753760,645,0.286,0.275,OPEN,0.251,0.258,OPEN,0.268,0.267,19,1,0,0.21
337753803,646,0.214,0.272,OPEN,0.225,0.255,OPEN,0.22,0.264,19,1,0,0.21
337753846,647,0.05,0.224,OPEN,0.05,0.212,OPEN,0.05,0.218,19,1,0,0.21
337753888,648,0.0,0.167,CLOSED,0.033,0.165,CLOSED,0.017,0.166,19,1,0,0.21
337753931,649,0.064,0.123,CLOSED,0.0,0.112,CLOSED,0.032,0.117,19,1,0,0.21
337753977,650,0.023,0.07,CLOSED,0.067,0.075,CLOSED,0.045,0.073,19,1,0,0.21
337754020,651,0.133,0.054,CLOSED,0.162,0.062,CLOSED,0.148,0.058,19,1,0,0.21
337754064,652,0.167,0.077,CLOSED,0.191,0.091,CLOSED,0.179,0.084,19,1,0,0.21
337754104,653,0.183,0.114,CLOSED,0.193,0.123,CLOSED,0.188,0.118,19,1,0,0.21
337754150,654,0.207,0.143,CLOSED,0.208,0.164,CLOSED,0.207,0.153,19,1,0,0.21
337754190,655,0.207,0.179,CLOSED,0.217,0.194,CLOSED,0.212,0.186,19,1,0,0.21
337754236,656,0.241,0.201,CLOSED,0.242,0.21,OPEN,0.241,0.206,20,1,0,0.21
337754278,657,0.241,0.216,OPEN,0.233,0.219,OPEN,0.237,0.217,20,1,0,0.21
337754321,658,0.26,0.231,OPEN,0.234,0.227,OPEN,0.247,0.229,20,1,0,0.21
337754367,659,0.259,0.242,OPEN,0.266,0.238,OPEN,0.263,0.24,20,1,0,0.21
337754408,660,0.267,0.254,OPEN,0.302,0.255,OPEN,0.284,0.255,20,1,0,0.21
337754452,661,0.275,0.26,OPEN,0.285,0.264,OPEN,0.28,0.262,20,1,0,0.21
337754495,662,0.266,0.265,OPEN,0.291,0.276,OPEN,0.278,0.271,20,1,0,0.21
337754539,663,0.266,0.267,OPEN,0.267,0.282,OPEN,0.267,0.274,20,1,0,0.21
337754581,664,0.152,0.245,OPEN,0.152,0.259,OPEN,0.152,0.252,20,1,0,0.21
337754624,665,0.0,0.192,CLOSED,0.031,0.205,CLOSED,0.015,0.199,20,1,0,0.21
337754670,666,0.022,0.141,CLOSED,0.0,0.148,CLOSED,0.011,0.144,20,1,0,0.21
337754710,667,0.032,0.094,CLOSED,0.087,0.107,CLOSED,0.059,0.101,20,1,0,0.21
337754756,668,0.07,0.055,CLOSED,0.17,0.088,CLOSED,0.12,0.071,20,1,0,0.21
337754796,669,0.135,0.052,CLOSED,0.191,0.096,CLOSED,0.163,0.074,20,1,0,0.21
337754839,670,0.177,0.087,CLOSED,0.236,0.137,CLOSED,0.206,0.112,20,1,0,0.21
337754885,671,0.224,0.128,CLOSED,0.252,0.187,CLOSED,0.238,0.158,20,1,0,0.21
337754925,672,0.264,0.174,CLOSED,0.276,0.225,OPEN,0.27,0.2,21,1,0,0.21
337754971,673,0.255,0.211,OPEN,0.295,0.25,OPEN,0.275,0.23,21,1,0,0.21
337755012,674,0.272,0.238,OPEN,0.295,0.271,OPEN,0.283,0.255,21,1,0,0.21
337755058,675,0.303,0.264,OPEN,0.295,0.283,OPEN,0.299,0.273,21,1,0,0.21
337755101,676,0.272,0.273,OPEN,0.295,0.291,OPEN,0.283,0.282,21,1,0,0.21
337755144,677,0.289,0.278,OPEN,0.295,0.295,OPEN,0.292,0.286,21,1,0,0.21
337755185,678,0.305,0.288,OPEN,0.32,0.3,OPEN,0.312,0.294,21,1,0,0.21
337755231,679,0.296,0.293,OPEN,0.308,0.303,OPEN,0.302,0.298,21,1,0,0.21
337755274,680,0.295,0.291,OPEN,0.31,0.306,OPEN,0.302,0.298,21,1,0,0.21
337755319,681,0.306,0.298,OPEN,0.298,0.306,OPEN,0.302,0.302,21,1,0,0.21
337755361,682,0.306,0.302,OPEN,0.285,0.304,OPEN,0.295,0.303,21,1,0,0.21
337755400,683,0.306,0.302,OPEN,0.308,0.302,OPEN,0.307,0.302,21,1,0,0.21
337755446,684,0.29,0.301,OPEN,0.291,0.298,OPEN,0.29,0.299,21,1,0,0.21
337755488,685,0.307,0.303,OPEN,0.291,0.295,OPEN,0.299,0.299,21,1,0,0.21
337755534,686,0.307,0.303,OPEN,0.3,0.295,OPEN,0.303,0.299,21,1,0,0.21
337755575,687,0.292,0.3,OPEN,0.284,0.295,OPEN,0.288,0.297,21,1,0,0.21
337755622,688,0.047,0.249,OPEN,0.081,0.249,OPEN,0.064,0.249,21,1,0,0.21
337755664,689,0.05,0.201,CLOSED,0.038,0.199,CLOSED,0.044,0.2,21,1,0,0.21
337755706,690,0.047,0.149,CLOSED,0.016,0.144,CLOSED,0.032,0.146,21,1,0,0.21
337755748,691,0.068,0.101,CLOSED,0.047,0.093,CLOSED,0.058,0.097,21,1,0,0.21
337755794,692,0.137,0.07,CLOSED,0.097,0.056,CLOSED,0.117,0.063,21,1,0,0.21
337755836,693,0.174,0.095,CLOSED,0.152,0.07,CLOSED,0.163,0.083,21,1,0,0.21
337755880,694,0.193,0.124,CLOSED,0.2,0.102,CLOSED,0.197,0.113,21,1,0,0.21
337755924,695,0.236,0.162,CLOSED,0.249,0.149,CLOSED,0.242,0.155,21,1,0,0.21
337755967,696,0.269,0.202,CLOSED,0.282,0.196,CLOSED,0.275,0.199,21,1,0,0.21
337756009,697,0.302,0.235,OPEN,0.265,0.23,OPEN,0.283,0.232,22,1,0,0.21
337756052,698,0.302,0.26,OPEN,0.258,0.251,OPEN,0.28,0.256,22,1,0,0.21
337756096,699,0.302,0.282,OPEN,0.265,0.264,OPEN,0.283,0.273,22,1,0,0.21
337756141,700,0.269,0.289,OPEN,0.283,0.271,OPEN,0.276,0.28,22,1,0,0.21
337756181,701,0.311,0.297,OPEN,0.283,0.271,OPEN,0.297,0.284,22,1,0,0.21
337756224,702,0.295,0.296,OPEN,0.284,0.275,OPEN,0.289,0.285,22,1,0,0.21
337756270,703,0.285,0.292,OPEN,0.273,0.278,OPEN,0.279,0.285,22,1,0,0.21
337756309,704,0.252,0.282,OPEN,0.273,0.279,OPEN,0.263,0.28,22,1,0,0.21
337756354,705,0.278,0.284,OPEN,0.284,0.279,OPEN,0.281,0.281,22,1,0,0.21
337756399,706,0.252,0.272,OPEN,0.241,0.271,OPEN,0.246,0.272,22,1,0,0.21
337756439,707,0.278,0.269,OPEN,0.265,0.267,OPEN,0.272,0.268,22,1,0,0.21
337756485,708,0.278,0.268,OPEN,0.265,0.266,OPEN,0.272,0.267,22,1,0,0.21
337756527,709,0.281,0.273,OPEN,0.265,0.264,OPEN,0.273,0.269,22,1,0,0.21
337756573,710,0.281,0.274,OPEN,0.273,0.262,OPEN,0.277,0.268,22,1,0,0.21
337756614,711,0.281,0.28,OPEN,0.274,0.268,OPEN,0.278,0.274,22,1,0,0.21
337756657,712,0.281,0.28,OPEN,0.274,0.27,OPEN,0.278,0.275,22,1,0,0.21
337756701,713,0.278,0.28,OPEN,0.273,0.272,OPEN,0.276,0.276,22,1,0,0.21
337756744,714,0.278,0.28,OPEN,0.273,0.273,OPEN,0.276,0.277,22,1,0,0.21
337756789,715,0.298,0.283,OPEN,0.273,0.273,OPEN,0.285,0.278,22,1,0,0.21
337756831,716,0.285,0.284,OPEN,0.264,0.271,OPEN,0.274,0.277,22,1,0,0.21
337756871,717,0.295,0.287,OPEN,0.274,0.271,OPEN,0.284,0.279,22,1,0,0.21
337756921,718,0.295,0.29,OPEN,0.273,0.271,OPEN,0.284,0.28,22,1,0,0.21
337756962,719,0.261,0.287,OPEN,0.273,0.271,OPEN,0.267,0.279,22,1,0,0.21
337757004,720,0.227,0.273,OPEN,0.225,0.262,OPEN,0.226,0.268,22,1,0,0.21
337757047,721,0.069,0.229,OPEN,0.078,0.225,OPEN,0.074,0.227,22,1,0,0.21
337757092,722,0.017,0.174,CLOSED,0.015,0.173,CLOSED,0.016,0.173,22,1,0,0.21
337757134,723,0.017,0.118,CLOSED,0.015,0.121,CLOSED,0.016,0.119,22,1,0,0.21
337757176,724,0.0,0.066,CLOSED,0.0,0.067,CLOSED,0.0,0.067,22,1,0,0.21
337757221,725,0.032,0.027,CLOSED,0.061,0.034,CLOSED,0.046,0.03,22,1,0,0.21
337757264,726,0.064,0.026,CLOSED,0.061,0.03,CLOSED,0.062,0.028,22,1,0,0.21
337757305,727,0.062,0.035,CLOSED,0.044,0.036,CLOSED,0.053,0.036,22,1,0,0.21
337757347,728,0.031,0.038,CLOSED,0.029,0.039,CLOSED,0.03,0.038,22,1,0,0.21
337757393,729,0.031,0.044,CLOSED,0.037,0.046,CLOSED,0.034,0.045,22,1,0,0.21
337757438,730,0.031,0.044,CLOSED,0.03,0.04,CLOSED,0.03,0.042,22,1,0,0.21
337757480,731,0.031,0.037,CLOSED,0.03,0.034,CLOSED,0.03,0.036,22,1,0,0.21
337757523,732,0.037,0.032,CLOSED,0.0,0.025,CLOSED,0.018,0.029,22,1,0,0.21
337757565,733,0.037,0.033,CLOSED,0.037,0.027,CLOSED,0.037,0.03,22,1,0,0.21
337757610,734,0.0,0.027,CLOSED,0.0,0.019,CLOSED,0.0,0.023,22,1,0,0.21
337757654,735,0.016,0.024,CLOSED,0.0,0.013,CLOSED,0.008,0.018,22,1,0,0.21
337757695,736,0.016,0.021,CLOSED,0.015,0.01,CLOSED,0.015,0.015,22,1,0,0.21
337757740,737,0.031,0.02,CLOSED,0.03,0.016,CLOSED,0.03,0.018,22,1,0,0.21
337757781,738,0.032,0.019,CLOSED,0.03,0.015,CLOSED,0.031,0.017,22,1,0,0.21
337757827,739,0.048,0.029,CLOSED,0.062,0.027,CLOSED,0.055,0.028,22,1,0,0.21
337757870,740,0.074,0.04,CLOSED,0.112,0.05,CLOSED,0.093,0.045,22,1,0,0.21
337757910,741,0.105,0.058,CLOSED,0.146,0.076,CLOSED,0.126,0.067,22,1,0,0.21
337757956,742,0.164,0.085,CLOSED,0.192,0.108,CLOSED,0.178,0.097,22,1,0,0.21
337757999,743,0.18,0.114,CLOSED,0.215,0.145,CLOSED,0.198,0.13,22,1,0,0.21
337758040,744,0.199,0.144,CLOSED,0.224,0.178,CLOSED,0.212,0.161,22,1,0,0.21
337758084,745,0.213,0.172,CLOSED,0.225,0.2,CLOSED,0.219,0.186,22,1,0,0.21
337758129,746,0.226,0.196,CLOSED,0.207,0.213,OPEN,0.216,0.205,23,1,0,0.21
337758172,747,0.217,0.207,CLOSED,0.208,0.216,OPEN,0.212,0.211,23,1,0,0.21
337758215,748,0.217,0.214,OPEN,0.223,0.217,OPEN,0.22,0.215,23,1,0,0.21
337758258,749,0.217,0.218,OPEN,0.208,0.214,OPEN,0.212,0.216,23,1,0,0.21
337758301,750,0.141,0.204,CLOSED,0.155,0.2,CLOSED,0.148,0.202,23,1,0,0.21
337758346,751,0.072,0.173,CLOSED,0.044,0.168,CLOSED,0.058,0.17,23,1,0,0.21
337758389,752,0.017,0.133,CLOSED,0.029,0.132,CLOSED,0.023,0.133,23,1,0,0.21
337758432,753,0.035,0.096,CLOSED,0.014,0.09,CLOSED,0.025,0.093,23,1,0,0.21
337758472,754,0.046,0.062,CLOSED,0.014,0.051,CLOSED,0.03,0.056,23,1,0,0.21
337758516,755,0.031,0.04,CLOSED,0.029,0.026,CLOSED,0.03,0.033,23,1,0,0.21
337758562,756,0.016,0.029,CLOSED,0.029,0.023,CLOSED,0.022,0.026,23,1,0,0.21
337758603,757,0.031,0.032,CLOSED,0.044,0.026,CLOSED,0.037,0.029,23,1,0,0.21
337758648,758,0.072,0.039,CLOSED,0.099,0.043,CLOSED,0.085,0.041,23,1,0,0.21
337758688,759,0.133,0.057,CLOSED,0.142,0.069,CLOSED,0.138,0.063,23,1,0,0.21
337758731,760,0.195,0.089,CLOSED,0.19,0.101,CLOSED,0.193,0.095,23,1,0,0.21
337758777,761,0.228,0.132,CLOSED,0.221,0.139,CLOSED,0.225,0.136,23,1,0,0.21
337758821,762,0.243,0.174,CLOSED,0.267,0.184,CLOSED,0.255,0.179,23,1,0,0.21
337758864,763,0.221,0.204,CLOSED,0.273,0.219,OPEN,0.247,0.211,24,1,0,0.21
337758907,764,0.188,0.215,OPEN,0.274,0.245,OPEN,0.231,0.23,24,1,0,0.21
337758948,765,0.175,0.211,OPEN,0.253,0.258,OPEN,0.214,0.234,24,1,0,0.21
337758996,766,0.188,0.203,CLOSED,0.229,0.259,OPEN,0.209,0.231,24,1,0,0.21
337759038,767,0.182,0.191,CLOSED,0.228,0.251,OPEN,0.205,0.221,24,2,0,0.21
337759081,768,0.169,0.18,CLOSED,0.221,0.241,OPEN,0.195,0.21,24,2,0,0.21
337759121,769,0.152,0.173,CLOSED,0.216,0.229,OPEN,0.184,0.201,24,2,0,0.21
337759167,770,0.155,0.169,CLOSED,0.214,0.222,OPEN,0.184,0.196,24,2,0,0.21
337759209,771,0.156,0.163,CLOSED,0.208,0.217,OPEN,0.182,0.19,24,2,0,0.21
337759255,772,0.14,0.154,CLOSED,0.193,0.21,OPEN,0.167,0.182,24,2,0,0.21
337759297,773,0.108,0.142,CLOSED,0.164,0.199,CLOSED,0.136,0.17,24,2,0,0.21
337759339,774,0.015,0.115,CLOSED,0.059,0.168,CLOSED,0.037,0.142,24,2,0,0.21
337759378,775,0.015,0.087,CLOSED,0.0,0.125,CLOSED,0.007,0.106,24,2,0,0.21
337759427,776,0.015,0.059,CLOSED,0.015,0.086,CLOSED,0.015,0.072,24,2,0,0.21
337759470,777,0.13,0.057,CLOSED,0.173,0.082,CLOSED,0.151,0.07,24,2,0,0.21
337759510,778,0.203,0.076,CLOSED,0.241,0.098,CLOSED,0.222,0.087,24,2,0,0.21
337759556,779,0.251,0.123,CLOSED,0.25,0.136,CLOSED,0.251,0.13,24,2,0,0.21
337759597,780,0.243,0.168,CLOSED,0.265,0.189,CLOSED,0.254,0.178,24,2,0,0.21
337759643,781,0.268,0.219,OPEN,0.266,0.239,OPEN,0.267,0.229,25,2,0,0.21
337759685,782,0.284,0.25,OPEN,0.282,0.261,OPEN,0.283,0.256,25,2,0,0.21
337759728,783,0.29,0.267,OPEN,0.29,0.271,OPEN,0.29,0.269,25,2,0,0.21
337759772,784,0.285,0.274,OPEN,0.289,0.278,OPEN,0.287,0.276,25,2,0,0.21
337759816,785,0.285,0.282,OPEN,0.259,0.277,OPEN,0.272,0.279,25,2,0,0.21
337759859,786,0.276,0.284,OPEN,0.265,0.277,OPEN,0.271,0.28,25,2,0,0.21
337759904,787,0.302,0.288,OPEN,0.274,0.275,OPEN,0.288,0.281,25,2,0,0.21
337759944,788,0.321,0.294,OPEN,0.283,0.274,OPEN,0.302,0.284,25,2,0,0.21
337759990,789,0.323,0.301,OPEN,0.304,0.277,OPEN,0.314,0.289,25,2,0,0.21
337760031,790,0.318,0.308,OPEN,0.305,0.286,OPEN,0.311,0.297,25,2,0,0.21
337760072,791,0.302,0.313,OPEN,0.315,0.296,OPEN,0.308,0.304,25,2,0,0.21
337760117,792,0.302,0.313,OPEN,0.288,0.299,OPEN,0.295,0.306,25,2,0,0.21
337760163,793,0.302,0.309,OPEN,0.315,0.305,OPEN,0.308,0.307,25,2,0,0.21
337760205,794,0.295,0.304,OPEN,0.281,0.301,OPEN,0.288,0.302,25,2,0,0.21
337760248,795,0.298,0.3,OPEN,0.299,0.3,OPEN,0.298,0.3,25,2,0,0.21
337760292,796,0.295,0.298,OPEN,0.299,0.296,OPEN,0.297,0.297,25,2,0,0.21
337760333,797,0.298,0.298,OPEN,0.289,0.297,OPEN,0.293,0.297,25,2,0,0.21
337760378,798,0.285,0.294,OPEN,0.299,0.293,OPEN,0.292,0.293,25,2,0,0.21
337760419,799,0.312,0.298,OPEN,0.299,0.297,OPEN,0.305,0.297,25,2,0,0.21
337760466,800,0.301,0.298,OPEN,0.3,0.297,OPEN,0.3,0.297,25,2,0,0.21
337760507,801,0.315,0.302,OPEN,0.331,0.304,OPEN,0.323,0.303,25,2,0,0.21
337760548,802,0.321,0.307,OPEN,0.315,0.309,OPEN,0.318,0.308,25,2,0,0.21
337760593,803,0.321,0.314,OPEN,0.315,0.312,OPEN,0.318,0.313,25,2,0,0.21
337760639,804,0.295,0.311,OPEN,0.283,0.309,OPEN,0.289,0.31,25,2,0,0.21
337760680,805,0.048,0.26,OPEN,0.084,0.266,OPEN,0.066,0.263,25,2,0,0.21
337760724,806,0.0,0.197,CLOSED,0.031,0.206,CLOSED,0.015,0.202,25,2,0,0.21
337760768,807,0.032,0.139,CLOSED,0.047,0.152,CLOSED,0.04,0.146,25,2,0,0.21
337760809,808,0.1,0.095,CLOSED,0.113,0.112,CLOSED,0.107,0.104,25,2,0,0.21
337760853,809,0.185,0.073,CLOSED,0.179,0.091,CLOSED,0.182,0.082,25,2,0,0.21
337760896,810,0.242,0.112,CLOSED,0.226,0.119,CLOSED,0.234,0.115,25,2,0,0.21
337760940,811,0.277,0.167,CLOSED,0.258,0.165,CLOSED,0.268,0.166,25,2,0,0.21
337760982,812,0.311,0.223,OPEN,0.284,0.212,OPEN,0.297,0.217,26,2,0,0.21
337761027,813,0.311,0.265,OPEN,0.29,0.247,OPEN,0.3,0.256,26,2,0,0.21
337761069,814,0.328,0.294,OPEN,0.29,0.27,OPEN,0.309,0.282,26,2,0,0.21
337761114,815,0.311,0.308,OPEN,0.29,0.282,OPEN,0.3,0.295,26,2,0,0.21
337761155,816,0.317,0.316,OPEN,0.29,0.289,OPEN,0.303,0.302,26,2,0,0.21
337761201,817,0.318,0.317,OPEN,0.306,0.293,OPEN,0.312,0.305,26,2,0,0.21
337761243,818,0.318,0.318,OPEN,0.306,0.296,OPEN,0.312,0.307,26,2,0,0.21
337761285,819,0.318,0.316,OPEN,0.306,0.3,OPEN,0.312,0.308,26,2,0,0.21
337761331,820,0.335,0.321,OPEN,0.306,0.303,OPEN,0.321,0.312,26,2,0,0.22
337761372,821,0.335,0.325,OPEN,0.296,0.304,OPEN,0.316,0.315,26,2,0,0.22
337761414,822,0.335,0.328,OPEN,0.306,0.304,OPEN,0.321,0.316,26,2,0,0.22
337761457,823,0.335,0.332,OPEN,0.306,0.304,OPEN,0.321,0.318,26,2,0,0.22
337761504,824,0.335,0.335,OPEN,0.296,0.302,OPEN,0.316,0.319,26,2,0,0.22
337761544,825,0.318,0.332,OPEN,0.32,0.305,OPEN,0.319,0.319,26,2,0,0.22
337761591,826,0.318,0.328,OPEN,0.296,0.305,OPEN,0.307,0.317,26,2,0,0.23
337761633,827,0.291,0.319,OPEN,0.306,0.305,OPEN,0.298,0.312,26,2,0,0.23
337761674,828,0.304,0.313,OPEN,0.296,0.303,OPEN,0.3,0.308,26,2,0,0.23
337761719,829,0.318,0.31,OPEN,0.306,0.305,OPEN,0.312,0.307,26,2,0,0.23
337761762,830,0.318,0.31,OPEN,0.307,0.302,OPEN,0.312,0.306,26,2,0,0.23
337761804,831,0.318,0.31,OPEN,0.306,0.304,OPEN,0.312,0.307,26,2,0,0.23
337761849,832,0.318,0.315,OPEN,0.306,0.304,OPEN,0.312,0.309,26,2,0,0.24
337761890,833,0.351,0.325,OPEN,0.306,0.306,OPEN,0.329,0.316,26,2,0,0.24
337761935,834,0.326,0.326,OPEN,0.306,0.306,OPEN,0.316,0.316,26,2,0,0.24
337761977,835,0.308,0.324,OPEN,0.322,0.309,OPEN,0.315,0.317,26,2,0,0.24
337762022,836,0.311,0.323,OPEN,0.322,0.312,OPEN,0.317,0.318,26,2,0,0.25
337762065,837,0.308,0.321,OPEN,0.322,0.316,OPEN,0.315,0.319,26,2,0,0.25
337762106,838,0.308,0.312,OPEN,0.31,0.316,OPEN,0.309,0.314,26,2,0,0.25
337762151,839,0.307,0.308,OPEN,0.322,0.32,OPEN,0.315,0.314,26,2,0,0.25
337762193,840,0.308,0.308,OPEN,0.322,0.32,OPEN,0.315,0.314,26,2,0,0.25
337762240,841,0.308,0.308,OPEN,0.323,0.32,OPEN,0.316,0.314,26,2,0,0.26
337762281,842,0.308,0.308,OPEN,0.323,0.32,OPEN,0.316,0.314,26,2,0,0.26
337762322,843,0.308,0.308,OPEN,0.312,0.32,OPEN,0.31,0.314,26,2,0,0.26
337762369,844,0.308,0.308,OPEN,0.32,0.32,OPEN,0.314,0.314,26,2,0,0.26
337762411,845,0.318,0.31,OPEN,0.306,0.317,OPEN,0.312,0.314,26,2,0,0.26
337762454,846,0.31,0.31,OPEN,0.306,0.313,OPEN,0.308,0.311,26,2,0,0.26
337762498,847,0.308,0.31,OPEN,0.322,0.313,OPEN,0.315,0.311,26,2,0,0.26
337762540,848,0.311,0.311,OPEN,0.307,0.312,OPEN,0.309,0.311,26,2,0,0.26
337762580,849,0.308,0.311,OPEN,0.315,0.311,OPEN,0.311,0.311,26,2,0,0.26
337762628,850,0.311,0.31,OPEN,0.306,0.311,OPEN,0.308,0.31,26,2,0,0.26
337762671,851,0.292,0.306,OPEN,0.305,0.311,OPEN,0.298,0.308,26,2,0,0.25
337762712,852,0.292,0.303,OPEN,0.305,0.308,OPEN,0.298,0.305,26,2,0,0.25
337762758,853,0.292,0.299,OPEN,0.305,0.307,OPEN,0.298,0.303,26,2,0,0.25
337762801,854,0.292,0.296,OPEN,0.306,0.305,OPEN,0.299,0.3,26,2,0,0.25
337762843,855,0.295,0.293,OPEN,0.306,0.305,OPEN,0.3,0.299,26,2,0,0.25
337762888,856,0.292,0.293,OPEN,0.296,0.304,OPEN,0.294,0.298,26,2,0,0.24
337762929,857,0.311,0.296,OPEN,0.296,0.302,OPEN,0.303,0.299,26,2,0,0.24
337762972,858,0.311,0.3,OPEN,0.296,0.3,OPEN,0.303,0.3,26,2,0,0.24
337763018,859,0.285,0.299,OPEN,0.273,0.293,OPEN,0.279,0.296,26,2,0,0.24
337763060,860,0.074,0.255,OPEN,0.097,0.252,OPEN,0.085,0.254,26,2,0,0.23
337763102,861,0.038,0.204,CLOSED,0.016,0.196,CLOSED,0.027,0.2,26,2,0,0.23
337763146,862,0.047,0.151,CLOSED,0.048,0.146,CLOSED,0.048,0.148,26,2,0,0.23
337763190,863,0.069,0.103,CLOSED,0.1,0.107,CLOSED,0.085,0.105,26,2,0,0.22
337763233,864,0.17,0.08,CLOSED,0.161,0.084,CLOSED,0.166,0.082,26,2,0,0.22
337763276,865,0.203,0.105,CLOSED,0.2,0.105,CLOSED,0.202,0.105,26,2,0,0.22
337763317,866,0.234,0.145,CLOSED,0.225,0.147,CLOSED,0.23,0.146,26,2,0,0.22
337763362,867,0.269,0.189,CLOSED,0.258,0.189,CLOSED,0.264,0.189,26,2,0,0.22
337763407,868,0.285,0.232,OPEN,0.299,0.229,OPEN,0.292,0.231,27,2,0,0.21
337763449,869,0.307,0.26,OPEN,0.316,0.26,OPEN,0.311,0.26,27,2,0,0.21
337763492,870,0.324,0.284,OPEN,0.305,0.281,OPEN,0.315,0.282,27,2,0,0.21
337763537,871,0.307,0.298,OPEN,0.304,0.296,OPEN,0.305,0.297,27,2,0,0.2
337763578,872,0.324,0.309,OPEN,0.304,0.306,OPEN,0.314,0.307,27,2,0,0.2
337763619,873,0.305,0.313,OPEN,0.296,0.305,OPEN,0.3,0.309,27,2,0,0.2
337763666,874,0.302,0.312,OPEN,0.305,0.303,OPEN,0.303,0.307,27,2,0,0.2
337763709,875,0.292,0.306,OPEN,0.305,0.303,OPEN,0.298,0.304,27,2,0,0.19
337763750,876,0.308,0.306,OPEN,0.296,0.301,OPEN,0.302,0.303,27,2,0,0.19
337763794,877,0.308,0.303,OPEN,0.31,0.302,OPEN,0.309,0.302,27,2,0,0.19
337763837,878,0.292,0.3,OPEN,0.296,0.302,OPEN,0.294,0.301,27,2,0,0.19
337763885,879,0.318,0.304,OPEN,0.31,0.303,OPEN,0.314,0.303,27,2,0,0.18
337763925,880,0.318,0.309,OPEN,0.295,0.301,OPEN,0.306,0.305,27,2,0,0.18
337763968,881,0.318,0.311,OPEN,0.295,0.301,OPEN,0.306,0.306,27,2,0,0.18
337764010,882,0.337,0.317,OPEN,0.311,0.301,OPEN,0.324,0.309,27,2,0,0.18
337764056,883,0.337,0.326,OPEN,0.321,0.306,OPEN,0.329,0.316,27,2,0,0.17
337764099,884,0.321,0.326,OPEN,0.305,0.305,OPEN,0.313,0.316,27,2,0,0.17
337764139,885,0.302,0.323,OPEN,0.305,0.307,OPEN,0.303,0.315,27,2,0,0.17
337764186,886,0.335,0.326,OPEN,0.295,0.307,OPEN,0.315,0.317,27,2,0,0.16
337764228,887,0.318,0.323,OPEN,0.311,0.307,OPEN,0.315,0.315,27,2,0,0.16
337764269,888,0.308,0.317,OPEN,0.304,0.304,OPEN,0.306,0.31,27,2,0,0.16
337764315,889,0.308,0.314,OPEN,0.304,0.304,OPEN,0.306,0.309,27,2,0,0.16
337764357,890,0.308,0.315,OPEN,0.304,0.304,OPEN,0.306,0.309,27,2,0,0.15
337764402,891,0.324,0.313,OPEN,0.304,0.305,OPEN,0.314,0.309,27,2,0,0.15
337764440,892,0.324,0.314,OPEN,0.304,0.304,OPEN,0.314,0.309,27,2,0,0.15
337764489,893,0.34,0.321,OPEN,0.334,0.31,OPEN,0.337,0.316,27,2,0,0.15
337764531,894,0.372,0.334,OPEN,0.357,0.321,OPEN,0.364,0.328,27,2,0,0.15
337764574,895,0.388,0.35,OPEN,0.388,0.337,OPEN,0.388,0.344,27,2,0,0.15
337764616,896,0.42,0.369,OPEN,0.419,0.36,OPEN,0.419,0.364,27,2,0,0.15
337764662,897,0.436,0.391,OPEN,0.405,0.381,OPEN,0.42,0.386,27,2,0,0.15
337764702,898,0.453,0.414,OPEN,0.451,0.404,OPEN,0.452,0.409,27,2,0,0.15
337764744,899,0.454,0.43,OPEN,0.434,0.419,OPEN,0.444,0.424,27,2,0,0.15
337764791,900,0.454,0.443,OPEN,0.435,0.429,OPEN,0.445,0.436,27,2,0,0.15
337764831,901,0.404,0.44,OPEN,0.362,0.417,OPEN,0.383,0.428,27,2,0,0.15
337764877,902,0.08,0.369,OPEN,0.045,0.345,OPEN,0.062,0.357,27,2,0,0.15
337764919,903,0.052,0.289,OPEN,0.03,0.261,OPEN,0.041,0.275,27,2,0,0.15
337764964,904,0.023,0.203,OPEN,0.015,0.177,OPEN,0.019,0.19,27,2,0,0.15
337765004,905,0.031,0.118,CLOSED,0.093,0.109,CLOSED,0.062,0.113,27,2,0,0.15
337765049,906,0.136,0.064,CLOSED,0.174,0.071,CLOSED,0.155,0.068,27,2,0,0.15
337765091,907,0.17,0.082,CLOSED,0.204,0.103,CLOSED,0.187,0.092,27,2,0,0.15
337765136,908,0.196,0.111,CLOSED,0.242,0.146,CLOSED,0.219,0.129,27,2,0,0.15
337765180,909,0.244,0.155,OPEN,0.257,0.194,OPEN,0.251,0.174,28,2,0,0.15
337765223,910,0.311,0.211,OPEN,0.321,0.24,OPEN,0.316,0.225,28,2,0,0.15
337765266,911,0.358,0.256,OPEN,0.369,0.279,OPEN,0.363,0.268,28,2,0,0.15
337765308,912,0.419,0.306,OPEN,0.432,0.324,OPEN,0.425,0.315,28,2,0,0.15
337765354,913,0.438,0.354,OPEN,0.404,0.357,OPEN,0.421,0.355,28,2,0,0.15
337765390,914,0.422,0.39,OPEN,0.436,0.392,OPEN,0.429,0.391,28,2,0,0.15
337765441,915,0.436,0.415,OPEN,0.45,0.418,OPEN,0.443,0.416,28,2,0,0.15
337765482,916,0.422,0.427,OPEN,0.436,0.432,OPEN,0.429,0.429,28,2,0,0.15
337765522,917,0.407,0.425,OPEN,0.422,0.43,OPEN,0.414,0.427,28,2,0,0.15
337765570,918,0.381,0.414,OPEN,0.409,0.431,OPEN,0.395,0.422,28,2,0,0.15
337765611,919,0.391,0.407,OPEN,0.422,0.428,OPEN,0.406,0.417,28,2,0,0.15
337765656,920,0.391,0.398,OPEN,0.421,0.422,OPEN,0.406,0.41,28,2,0,0.15
337765697,921,0.408,0.396,OPEN,0.404,0.416,OPEN,0.406,0.406,28,2,0,0.15
337765743,922,0.363,0.387,OPEN,0.375,0.406,OPEN,0.369,0.397,28,2,0,0.15
337765783,923,0.347,0.38,OPEN,0.36,0.396,OPEN,0.353,0.388,28,2,0,0.15
337765829,924,0.332,0.368,OPEN,0.332,0.378,OPEN,0.332,0.373,28,2,0,0.15
337765870,925,0.285,0.347,OPEN,0.265,0.347,OPEN,0.275,0.347,28,2,0,0.15
337765915,926,0.102,0.286,OPEN,0.084,0.283,OPEN,0.093,0.284,28,2,0,0.15
337765958,927,0.052,0.224,OPEN,0.021,0.212,OPEN,0.036,0.218,28,2,0,0.15
337766002,928,0.081,0.17,OPEN,0.021,0.145,CLOSED,0.051,0.158,28,2,0,0.15
337766044,929,0.119,0.128,CLOSED,0.03,0.084,CLOSED,0.074,0.106,28,2,0,0.15
337766088,930,0.154,0.102,CLOSED,0.015,0.034,CLOSED,0.084,0.068,28,2,0,0.15
337766129,931,0.17,0.115,CLOSED,0.015,0.02,CLOSED,0.092,0.068,28,2,0,0.15
337766175,932,0.17,0.139,CLOSED,0.021,0.02,CLOSED,0.096,0.08,28,2,0,0.15
337766217,933,0.07,0.137,CLOSED,0.015,0.019,CLOSED,0.043,0.078,28,2,0,0.15
337766260,934,0.023,0.117,CLOSED,0.016,0.016,CLOSED,0.019,0.067,28,2,0,0.15
337766305,935,0.016,0.09,CLOSED,0.068,0.027,CLOSED,0.042,0.058,28,2,0,0.15
337766346,936,0.016,0.059,CLOSED,0.157,0.055,CLOSED,0.086,0.057,28,2,0,0.15
337766391,937,0.039,0.033,CLOSED,0.218,0.095,CLOSED,0.129,0.064,28,2,0,0.15
337766434,938,0.046,0.028,CLOSED,0.242,0.14,CLOSED,0.144,0.084,28,2,0,0.15
337766478,939,0.047,0.033,CLOSED,0.242,0.185,OPEN,0.144,0.109,29,2,0,0.15
337766519,940,0.066,0.043,CLOSED,0.234,0.219,OPEN,0.15,0.131,29,2,0,0.15
337766564,941,0.18,0.076,CLOSED,0.28,0.243,OPEN,0.23,0.16,29,2,0,0.15
337766605,942,0.26,0.12,CLOSED,0.309,0.261,OPEN,0.284,0.191,29,2,0,0.15
337766647,943,0.34,0.179,OPEN,0.34,0.281,OPEN,0.34,0.23,29,2,0,0.15
337766692,944,0.358,0.241,OPEN,0.36,0.305,OPEN,0.359,0.273,29,2,0,0.15
337766737,945,0.356,0.299,OPEN,0.36,0.33,OPEN,0.358,0.315,29,2,0,0.15
337766779,946,0.17,0.297,OPEN,0.225,0.319,OPEN,0.198,0.308,29,2,0,0.15
337766824,947,0.037,0.252,OPEN,0.031,0.263,OPEN,0.034,0.258,29,2,0,0.15
337766867,948,0.039,0.192,OPEN,0.078,0.211,OPEN,0.058,0.202,29,2,0,0.15
337766908,949,0.102,0.141,CLOSED,0.111,0.161,OPEN,0.106,0.151,29,2,0,0.15
337766951,950,0.236,0.117,CLOSED,0.202,0.129,CLOSED,0.219,0.123,29,2,0,0.15
337766989,951,0.285,0.14,CLOSED,0.25,0.134,CLOSED,0.267,0.137,29,2,0,0.15
337767035,952,0.302,0.193,OPEN,0.295,0.187,OPEN,0.298,0.19,30,2,0,0.15
337767083,953,0.276,0.24,OPEN,0.296,0.231,OPEN,0.286,0.235,30,2,0,0.15
337767124,954,0.295,0.279,OPEN,0.31,0.271,OPEN,0.302,0.275,30,2,0,0.15
337767170,955,0.295,0.291,OPEN,0.326,0.295,OPEN,0.31,0.293,30,2,0,0.15
337767211,956,0.311,0.296,OPEN,0.326,0.311,OPEN,0.319,0.303,30,2,0,0.15
337767256,957,0.308,0.297,OPEN,0.319,0.315,OPEN,0.314,0.306,30,2,0,0.15
337767298,958,0.316,0.305,OPEN,0.316,0.319,OPEN,0.316,0.312,30,2,0,0.15
337767341,959,0.313,0.309,OPEN,0.311,0.32,OPEN,0.312,0.315,30,2,0,0.15
337767385,960,0.319,0.313,OPEN,0.333,0.321,OPEN,0.326,0.317,30,2,0,0.15
337767428,961,0.319,0.315,OPEN,0.303,0.316,OPEN,0.311,0.316,30,2,0,0.15
337767471,962,0.333,0.32,OPEN,0.322,0.317,OPEN,0.328,0.319,30,2,0,0.15
337767513,963,0.349,0.327,OPEN,0.337,0.321,OPEN,0.343,0.324,30,2,0,0.15
337767559,964,0.397,0.343,OPEN,0.399,0.339,OPEN,0.398,0.341,30,2,0,0.15
337767601,965,0.431,0.366,OPEN,0.43,0.358,OPEN,0.43,0.362,30,2,0,0.15
337767646,966,0.431,0.388,OPEN,0.432,0.384,OPEN,0.431,0.386,30,2,0,0.15
337767686,967,0.431,0.408,OPEN,0.445,0.409,OPEN,0.438,0.408,30,2,0,0.15
337767732,968,0.418,0.422,OPEN,0.432,0.428,OPEN,0.425,0.425,30,2,0,0.15
337767775,969,0.391,0.42,OPEN,0.405,0.429,OPEN,0.398,0.424,30,2,0,0.15
337767819,970,0.392,0.413,OPEN,0.404,0.424,OPEN,0.398,0.418,30,2,0,0.15
337767859,971,0.394,0.405,OPEN,0.407,0.419,OPEN,0.4,0.412,30,2,0,0.15
337767905,972,0.407,0.4,OPEN,0.396,0.409,OPEN,0.401,0.404,30,2,0,0.15
337767948,973,0.38,0.393,OPEN,0.371,0.397,OPEN,0.376,0.395,30,2,0,0.15
337767990,974,0.394,0.393,OPEN,0.383,0.392,OPEN,0.389,0.393,30,2,0,0.15
337768036,975,0.381,0.391,OPEN,0.37,0.385,OPEN,0.376,0.388,30,2,0,0.15
337768079,976,0.381,0.389,OPEN,0.371,0.378,OPEN,0.376,0.384,30,2,0,0.15
337768119,977,0.364,0.38,OPEN,0.358,0.371,OPEN,0.361,0.376,30,2,0,0.15
337768165,978,0.265,0.357,OPEN,0.285,0.353,OPEN,0.275,0.355,30,2,0,0.15
337768208,979,0.073,0.293,OPEN,0.099,0.297,OPEN,0.086,0.295,30,2,0,0.15
337768251,980,0.027,0.222,OPEN,0.013,0.225,OPEN,0.02,0.224,30,2,0,0.15
337768292,981,0.057,0.157,OPEN,0.051,0.161,OPEN,0.054,0.159,30,2,0,0.15
337768338,982,0.057,0.096,CLOSED,0.068,0.103,CLOSED,0.062,0.1,30,2,0,0.15
337768379,983,0.046,0.052,CLOSED,0.056,0.057,CLOSED,0.051,0.054,30,2,0,0.15
337768425,984,0.057,0.049,CLOSED,0.053,0.048,CLOSED,0.055,0.049,30,2,0,0.15
337768467,985,0.054,0.054,CLOSED,0.043,0.054,CLOSED,0.049,0.054,30,2,0,0.15
337768508,986,0.044,0.052,CLOSED,0.056,0.055,CLOSED,0.05,0.053,30,2,0,0.15
337768550,987,0.046,0.049,CLOSED,0.031,0.048,CLOSED,0.038,0.049,30,2,0,0.15
337768597,988,0.027,0.046,CLOSED,0.0,0.037,CLOSED,0.013,0.041,30,2,0,0.15
337768639,989,0.033,0.041,CLOSED,0.06,0.038,CLOSED,0.046,0.04,30,2,0,0.15
337768681,990,0.16,0.062,CLOSED,0.176,0.065,CLOSED,0.168,0.064,30,2,0,0.15
337768727,991,0.23,0.099,CLOSED,0.23,0.099,CLOSED,0.23,0.099,30,2,0,0.15
337768770,992,0.244,0.139,CLOSED,0.264,0.146,CLOSED,0.254,0.143,30,2,0,0.15
337768810,993,0.244,0.182,OPEN,0.278,0.202,OPEN,0.261,0.192,31,2,0,0.15
337768857,994,0.272,0.23,OPEN,0.276,0.245,OPEN,0.274,0.237,31,2,0,0.15
337768899,995,0.287,0.255,OPEN,0.29,0.268,OPEN,0.288,0.262,31,2,0,0.15
337768943,996,0.287,0.267,OPEN,0.291,0.28,OPEN,0.289,0.274,31,2,0,0.15
337768986,997,0.289,0.276,OPEN,0.291,0.285,OPEN,0.29,0.28,31,2,0,0.15
337769029,998,0.281,0.283,OPEN,0.283,0.286,OPEN,0.282,0.284,31,2,0,0.15
337769070,999,0.303,0.289,OPEN,0.296,0.29,OPEN,0.299,0.289,31,2,0,0.15
337769116,1000,0.296,0.291,OPEN,0.318,0.296,OPEN,0.307,0.293,31,2,0,0.15
337769158,1001,0.297,0.293,OPEN,0.318,0.301,OPEN,0.307,0.297,31,2,0,0.15
337769203,1002,0.309,0.297,OPEN,0.31,0.305,OPEN,0.309,0.301,31,2,0,0.15
337769244,1003,0.322,0.305,OPEN,0.323,0.313,OPEN,0.323,0.309,31,2,0,0.15
337769290,1004,0.322,0.309,OPEN,0.318,0.317,OPEN,0.32,0.313,31,2,0,0.15
337769332,1005,0.324,0.315,OPEN,0.331,0.32,OPEN,0.328,0.318,31,2,0,0.15
337769375,1006,0.336,0.323,OPEN,0.322,0.321,OPEN,0.329,0.322,31,2,0,0.15
337769418,1007,0.334,0.328,OPEN,0.322,0.323,OPEN,0.328,0.326,31,2,0,0.15
337769462,1008,0.321,0.327,OPEN,0.322,0.323,OPEN,0.322,0.325,31,2,0,0.15
337769505,1009,0.321,0.327,OPEN,0.323,0.324,OPEN,0.322,0.326,31,2,0,0.15
337769547,1010,0.315,0.325,OPEN,0.317,0.321,OPEN,0.316,0.323,31,2,0,0.15
337769590,1011,0.244,0.307,OPEN,0.242,0.305,OPEN,0.243,0.306,31,2,0,0.15
337769634,1012,0.062,0.253,OPEN,0.086,0.258,OPEN,0.074,0.256,31,2,0,0.15
337769677,1013,0.062,0.201,OPEN,0.057,0.205,OPEN,0.059,0.203,31,2,0,0.15
337769718,1014,0.107,0.158,OPEN,0.114,0.163,OPEN,0.111,0.161,31,2,0,0.15
337769765,1015,0.198,0.135,CLOSED,0.2,0.14,CLOSED,0.199,0.138,31,2,0,0.15
337769809,1016,0.244,0.135,CLOSED,0.229,0.137,CLOSED,0.236,0.136,31,2,0,0.15
337769851,1017,0.274,0.177,OPEN,0.25,0.17,OPEN,0.262,0.173,32,2,0,0.15
337769897,1018,0.252,0.215,OPEN,0.256,0.21,OPEN,0.254,0.212,32,2,0,0.16
337769938,1019,0.28,0.25,OPEN,0.285,0.244,OPEN,0.282,0.247,32,2,0,0.16
337769977,1020,0.31,0.272,OPEN,0.285,0.261,OPEN,0.297,0.267,32,2,0,0.16
337770026,1021,0.31,0.285,OPEN,0.298,0.275,OPEN,0.304,0.28,32,2,0,0.16
337770066,1022,0.31,0.292,OPEN,0.29,0.283,OPEN,0.3,0.287,32,2,0,0.16
337770112,1023,0.31,0.304,OPEN,0.291,0.29,OPEN,0.3,0.297,32,2,0,0.16
337770153,1024,0.303,0.309,OPEN,0.306,0.294,OPEN,0.304,0.301,32,2,0,0.16
337770195,1025,0.301,0.307,OPEN,0.305,0.298,OPEN,0.303,0.302,32,2,0,0.16
337770241,1026,0.301,0.305,OPEN,0.305,0.299,OPEN,0.303,0.302,32,2,0,0.16
337770282,1027,0.301,0.303,OPEN,0.313,0.304,OPEN,0.307,0.303,32,2,0,0.16
337770327,1028,0.312,0.304,OPEN,0.304,0.307,OPEN,0.308,0.305,32,2,0,0.16
337770368,1029,0.301,0.303,OPEN,0.304,0.306,OPEN,0.302,0.304,32,2,0,0.16
337770411,1030,0.301,0.303,OPEN,0.304,0.306,OPEN,0.302,0.304,32,2,0,0.16
337770457,1031,0.31,0.305,OPEN,0.305,0.306,OPEN,0.307,0.305,32,2,0,0.16
337770500,1032,0.312,0.307,OPEN,0.312,0.306,OPEN,0.312,0.306,32,2,0,0.16
337770542,1033,0.31,0.307,OPEN,0.312,0.307,OPEN,0.311,0.307,32,2,0,0.16
337770583,1034,0.183,0.283,OPEN,0.235,0.294,OPEN,0.209,0.288,32,2,0,0.16
337770631,1035,0.029,0.229,OPEN,0.083,0.249,OPEN,0.056,0.239,32,2,0,0.16
337770673,1036,0.071,0.181,OPEN,0.1,0.208,OPEN,0.085,0.195,32,2,0,0.16
337770713,1037,0.117,0.142,CLOSED,0.129,0.172,OPEN,0.123,0.157,32,2,0,0.16
337770759,1038,0.168,0.114,CLOSED,0.162,0.142,CLOSED,0.165,0.128,32,2,0,0.16
337770803,1039,0.198,0.117,CLOSED,0.206,0.136,CLOSED,0.202,0.127,32,2,0,0.16
337770844,1040,0.229,0.157,CLOSED,0.236,0.167,OPEN,0.232,0.162,33,2,0,0.16
337770890,1041,0.259,0.194,OPEN,0.235,0.194,OPEN,0.247,0.194,33,2,0,0.17
337770933,1042,0.276,0.226,OPEN,0.279,0.224,OPEN,0.278,0.225,33,2,0,0.17
337770974,1043,0.289,0.25,OPEN,0.28,0.247,OPEN,0.284,0.248,33,2,0,0.17
337771017,1044,0.281,0.267,OPEN,0.271,0.26,OPEN,0.276,0.264,33,2,0,0.17
337771063,1045,0.281,0.277,OPEN,0.271,0.267,OPEN,0.276,0.272,33,2,0,0.17
337771106,1046,0.281,0.282,OPEN,0.279,0.276,OPEN,0.28,0.279,33,2,0,0.17
337771148,1047,0.307,0.288,OPEN,0.271,0.274,OPEN,0.289,0.281,33,2,0,0.17
337771193,1048,0.3,0.29,OPEN,0.279,0.274,OPEN,0.289,0.282,33,2,0,0.17
337771234,1049,0.292,0.292,OPEN,0.3,0.28,OPEN,0.296,0.286,33,2,0,0.17
337771278,1050,0.289,0.294,OPEN,0.308,0.287,OPEN,0.298,0.29,33,2,0,0.17
337771322,1051,0.281,0.294,OPEN,0.308,0.293,OPEN,0.294,0.293,33,2,0,0.17
337771363,1052,0.285,0.289,OPEN,0.299,0.299,OPEN,0.292,0.294,33,2,0,0.17
337771406,1053,0.283,0.286,OPEN,0.298,0.303,OPEN,0.29,0.294,33,2,0,0.18
337771451,1054,0.304,0.288,OPEN,0.321,0.307,OPEN,0.312,0.297,33,2,0,0.18
337771494,1055,0.304,0.291,OPEN,0.321,0.309,OPEN,0.312,0.3,33,2,0,0.18
337771535,1056,0.309,0.297,OPEN,0.314,0.311,OPEN,0.311,0.304,33,2,0,0.18
337771581,1057,0.309,0.302,OPEN,0.321,0.315,OPEN,0.315,0.308,33,2,0,0.18
337771622,1058,0.304,0.306,OPEN,0.307,0.317,OPEN,0.305,0.311,33,2,0,0.19
337771666,1059,0.306,0.306,OPEN,0.292,0.311,OPEN,0.299,0.308,33,2,0,0.19
337771711,1060,0.323,0.31,OPEN,0.307,0.308,OPEN,0.315,0.309,33,2,0,0.19
337771755,1061,0.308,0.31,OPEN,0.292,0.304,OPEN,0.3,0.307,33,2,0,0.19
337771798,1062,0.291,0.306,OPEN,0.307,0.301,OPEN,0.299,0.303,33,2,0,0.19
337771840,1063,0.3,0.306,OPEN,0.301,0.3,OPEN,0.3,0.303,33,2,0,0.19
337771883,1064,0.3,0.304,OPEN,0.302,0.302,OPEN,0.301,0.303,33,2,0,0.19
337771924,1065,0.318,0.303,OPEN,0.281,0.297,OPEN,0.299,0.3,33,2,0,0.19
337771971,1066,0.294,0.301,OPEN,0.281,0.294,OPEN,0.287,0.297,33,2,0,0.19
337772013,1067,0.312,0.305,OPEN,0.306,0.294,OPEN,0.309,0.299,33,2,0,0.19
337772057,1068,0.34,0.313,OPEN,0.282,0.29,OPEN,0.311,0.301,33,2,0,0.19
337772101,1069,0.34,0.321,OPEN,0.299,0.29,OPEN,0.32,0.305,33,2,0,0.19
337772144,1070,0.317,0.321,OPEN,0.292,0.292,OPEN,0.304,0.306,33,2,0,0.19
337772186,1071,0.28,0.318,OPEN,0.284,0.293,OPEN,0.282,0.305,33,2,0,0.19
337772229,1072,0.272,0.31,OPEN,0.284,0.288,OPEN,0.278,0.299,33,2,0,0.19
337772273,1073,0.272,0.296,OPEN,0.256,0.283,OPEN,0.264,0.289,33,2,0,0.19
337772315,1074,0.272,0.283,OPEN,0.275,0.278,OPEN,0.274,0.28,33,2,0,0.19
337772360,1075,0.28,0.275,OPEN,0.275,0.275,OPEN,0.278,0.275,33,2,0,0.19
337772402,1076,0.253,0.27,OPEN,0.258,0.27,OPEN,0.256,0.27,33,2,0,0.19
337772444,1077,0.253,0.266,OPEN,0.239,0.261,OPEN,0.246,0.264,33,2,0,0.19
337772490,1078,0.158,0.243,OPEN,0.211,0.252,OPEN,0.184,0.247,33,2,0,0.19
337772533,1079,0.099,0.209,OPEN,0.13,0.223,OPEN,0.115,0.216,33,2,0,0.19
337772573,1080,0.156,0.184,CLOSED,0.223,0.212,OPEN,0.19,0.198,33,2,0,0.19
337772622,1081,0.225,0.178,CLOSED,0.241,0.209,OPEN,0.233,0.194,33,3,0,0.19
337772664,1082,0.244,0.176,CLOSED,0.239,0.209,OPEN,0.241,0.193,33,3,0,0.19
337772706,1083,0.316,0.208,OPEN,0.348,0.236,OPEN,0.332,0.222,33,3,0,0.19
337772746,1084,0.353,0.259,OPEN,0.342,0.279,OPEN,0.348,0.269,33,3,0,0.19
337772794,1085,0.323,0.292,OPEN,0.325,0.299,OPEN,0.324,0.295,33,3,0,0.19
337772834,1086,0.312,0.31,OPEN,0.325,0.316,OPEN,0.319,0.313,33,3,0,0.19
337772876,1087,0.332,0.327,OPEN,0.326,0.333,OPEN,0.329,0.33,33,3,0,0.19
337772921,1088,0.288,0.322,OPEN,0.291,0.322,OPEN,0.289,0.322,33,3,0,0.19
337772966,1089,0.235,0.298,OPEN,0.252,0.304,OPEN,0.243,0.301,33,3,0,0.19
337773010,1090,0.18,0.269,OPEN,0.19,0.277,OPEN,0.185,0.273,33,3,0,0.19
337773052,1091,0.214,0.25,OPEN,0.218,0.255,OPEN,0.216,0.253,33,3,0,0.19
337773094,1092,0.223,0.228,OPEN,0.25,0.24,OPEN,0.236,0.234,33,3,0,0.19
337773140,1093,0.265,0.223,OPEN,0.274,0.237,OPEN,0.27,0.23,33,3,0,0.19
337773179,1094,0.282,0.233,OPEN,0.28,0.242,OPEN,0.281,0.237,33,3,0,0.19
337773222,1095,0.327,0.262,OPEN,0.325,0.269,OPEN,0.326,0.266,33,3,0,0.19
337773268,1096,0.31,0.281,OPEN,0.325,0.291,OPEN,0.318,0.286,33,3,0,0.19
337773308,1097,0.3,0.297,OPEN,0.325,0.306,OPEN,0.312,0.301,33,3,0,0.19
337773355,1098,0.343,0.312,OPEN,0.326,0.316,OPEN,0.335,0.314,33,3,0,0.19
337773398,1099,0.31,0.318,OPEN,0.317,0.324,OPEN,0.314,0.321,33,3,0,0.19
337773440,1100,0.342,0.321,OPEN,0.326,0.324,OPEN,0.334,0.323,33,3,0,0.19
337773484,1101,0.303,0.32,OPEN,0.317,0.322,OPEN,0.31,0.321,33,3,0,0.19
337773526,1102,0.252,0.31,OPEN,0.258,0.309,OPEN,0.255,0.309,33,3,0,0.19
337773571,1103,0.048,0.251,OPEN,0.054,0.254,OPEN,0.051,0.253,33,3,0,0.19
337773611,1104,0.062,0.201,OPEN,0.029,0.197,OPEN,0.045,0.199,33,3,0,0.19
337773657,1105,0.047,0.142,CLOSED,0.035,0.139,CLOSED,0.041,0.141,33,3,0,0.19
337773698,1106,0.016,0.085,CLOSED,0.045,0.084,CLOSED,0.03,0.085,33,3,0,0.19
337773743,1107,0.061,0.047,CLOSED,0.144,0.061,CLOSED,0.102,0.054,33,3,0,0.19
337773784,1108,0.16,0.069,CLOSED,0.18,0.087,CLOSED,0.17,0.078,33,3,0,0.19
337773827,1109,0.219,0.101,CLOSED,0.225,0.126,CLOSED,0.222,0.114,33,3,0,0.19
337773873,1110,0.268,0.145,CLOSED,0.252,0.169,CLOSED,0.26,0.157,33,3,0,0.19
337773915,1111,0.284,0.198,OPEN,0.285,0.217,OPEN,0.284,0.208,34,3,0,0.19
337773957,1112,0.301,0.246,OPEN,0.3,0.248,OPEN,0.3,0.247,34,3,0,0.19
337773999,1113,0.293,0.273,OPEN,0.299,0.272,OPEN,0.296,0.273,34,3,0,0.19
337774046,1114,0.293,0.288,OPEN,0.317,0.291,OPEN,0.305,0.289,34,3,0,0.19
337774088,1115,0.311,0.296,OPEN,0.317,0.304,OPEN,0.314,0.3,34,3,0,0.19
337774133,1116,0.276,0.295,OPEN,0.301,0.307,OPEN,0.288,0.301,34,3,0,0.19
337774175,1117,0.294,0.293,OPEN,0.284,0.304,OPEN,0.289,0.298,34,3,0,0.19
337774219,1118,0.294,0.294,OPEN,0.299,0.304,OPEN,0.296,0.299,34,3,0,0.19
337774263,1119,0.312,0.297,OPEN,0.283,0.297,OPEN,0.297,0.297,34,3,0,0.19
337774306,1120,0.294,0.294,OPEN,0.293,0.292,OPEN,0.293,0.293,34,3,0,0.19
337774350,1121,0.294,0.298,OPEN,0.282,0.288,OPEN,0.288,0.293,34,3,0,0.19
337774391,1122,0.314,0.302,OPEN,0.293,0.29,OPEN,0.303,0.296,34,3,0,0.19
337774437,1123,0.311,0.305,OPEN,0.309,0.292,OPEN,0.31,0.298,34,3,0,0.19
337774477,1124,0.323,0.307,OPEN,0.308,0.297,OPEN,0.316,0.302,34,3,0,0.19
337774520,1125,0.305,0.309,OPEN,0.327,0.304,OPEN,0.316,0.306,34,3,0,0.19
337774563,1126,0.312,0.313,OPEN,0.308,0.309,OPEN,0.31,0.311,34,3,0,0.19
337774606,1127,0.293,0.309,OPEN,0.31,0.312,OPEN,0.301,0.31,34,3,0,0.19
337774653,1128,0.285,0.304,OPEN,0.326,0.316,OPEN,0.305,0.31,34,3,0,0.19
337774694,1129,0.294,0.298,OPEN,0.3,0.314,OPEN,0.297,0.306,34,3,0,0.19
337774737,1130,0.311,0.299,OPEN,0.325,0.314,OPEN,0.318,0.306,34,3,0,0.19
337774780,1131,0.312,0.299,OPEN,0.3,0.312,OPEN,0.306,0.305,34,3,0,0.19
337774823,1132,0.269,0.294,OPEN,0.266,0.303,OPEN,0.268,0.298,34,3,0,0.19
337774869,1133,0.024,0.242,OPEN,0.017,0.242,OPEN,0.021,0.242,34,3,0,0.19
337774909,1134,0.054,0.194,OPEN,0.048,0.191,OPEN,0.051,0.193,34,3,0,0.19
337774956,1135,0.072,0.146,CLOSED,0.083,0.143,CLOSED,0.077,0.144,34,3,0,0.19
337774997,1136,0.174,0.119,CLOSED,0.206,0.124,CLOSED,0.19,0.121,34,3,0,0.19
337775040,1137,0.26,0.117,CLOSED,0.233,0.117,CLOSED,0.246,0.117,34,3,0,0.19
337775086,1138,0.305,0.173,CLOSED,0.258,0.166,CLOSED,0.281,0.169,34,3,0,0.19
337775128,1139,0.31,0.224,OPEN,0.31,0.218,OPEN,0.31,0.221,35,3,0,0.19
337775171,1140,0.312,0.272,OPEN,0.328,0.267,OPEN,0.32,0.27,35,3,0,0.19
337775212,1141,0.326,0.303,OPEN,0.31,0.288,OPEN,0.318,0.295,35,3,0,0.19
337775255,1142,0.309,0.312,OPEN,0.293,0.3,OPEN,0.301,0.306,35,3,0,0.19
337775302,1143,0.224,0.296,OPEN,0.261,0.3,OPEN,0.242,0.298,35,3,0,0.19
337775342,1144,0.206,0.275,OPEN,0.227,0.284,OPEN,0.216,0.279,35,3,0,0.19
337775387,1145,0.233,0.26,OPEN,0.243,0.267,OPEN,0.238,0.264,35,3,0,0.19
337775431,1146,0.241,0.243,OPEN,0.251,0.255,OPEN,0.246,0.249,35,3,0,0.19
337775472,1147,0.216,0.224,OPEN,0.208,0.238,OPEN,0.212,0.231,35,3,0,0.19
337775518,1148,0.225,0.224,OPEN,0.216,0.229,OPEN,0.221,0.227,35,3,0,0.19
337775560,1149,0.225,0.228,OPEN,0.233,0.23,OPEN,0.229,0.229,35,3,0,0.19
337775602,1150,0.241,0.23,OPEN,0.27,0.236,OPEN,0.256,0.233,35,3,0,0.19
337775648,1151,0.241,0.23,OPEN,0.251,0.236,OPEN,0.246,0.233,35,3,0,0.19
337775690,1152,0.233,0.233,OPEN,0.225,0.239,OPEN,0.229,0.236,35,3,0,0.19
337775732,1153,0.076,0.203,OPEN,0.123,0.22,OPEN,0.1,0.212,35,3,0,0.19
337775778,1154,0.0,0.158,CLOSED,0.047,0.183,CLOSED,0.024,0.17,35,3,0,0.19
337775820,1155,0.015,0.113,CLOSED,0.038,0.137,CLOSED,0.026,0.125,35,3,0,0.19
337775865,1156,0.03,0.071,CLOSED,0.083,0.103,CLOSED,0.057,0.087,35,3,0,0.19
337775906,1157,0.18,0.06,CLOSED,0.208,0.1,CLOSED,0.194,0.08,35,3,0,0.19
337775950,1158,0.244,0.094,CLOSED,0.266,0.128,CLOSED,0.255,0.111,35,3,0,0.19
337775991,1159,0.308,0.155,CLOSED,0.282,0.175,CLOSED,0.295,0.165,35,3,0,0.19
337776038,1160,0.298,0.212,OPEN,0.304,0.229,OPEN,0.301,0.221,36,3,0,0.19
337776078,1161,0.301,0.266,OPEN,0.304,0.273,OPEN,0.302,0.27,36,3,0,0.19
337776122,1162,0.317,0.294,OPEN,0.32,0.295,OPEN,0.319,0.294,36,3,0,0.19
337776164,1163,0.31,0.307,OPEN,0.294,0.301,OPEN,0.302,0.304,36,3,0,0.19
337776210,1164,0.31,0.307,OPEN,0.294,0.303,OPEN,0.302,0.305,36,3,0,0.19
337776253,1165,0.285,0.305,OPEN,0.279,0.298,OPEN,0.282,0.301,36,3,0,0.19
337776295,1166,0.109,0.266,OPEN,0.105,0.258,OPEN,0.107,0.262,36,3,0,0.19
337776338,1167,0.029,0.209,OPEN,0.014,0.197,OPEN,0.022,0.203,36,3,0,0.19
337776381,1168,0.014,0.149,CLOSED,0.027,0.144,CLOSED,0.021,0.146,36,3,0,0.19
337776426,1169,0.034,0.094,CLOSED,0.046,0.094,CLOSED,0.04,0.094,36,3,0,0.19
337776469,1170,0.071,0.051,CLOSED,0.092,0.057,CLOSED,0.081,0.054,36,3,0,0.19
337776511,1171,0.08,0.046,CLOSED,0.092,0.054,CLOSED,0.086,0.05,36,3,0,0.19
337776556,1172,0.096,0.059,CLOSED,0.101,0.072,CLOSED,0.099,0.066,36,3,0,0.19
337776597,1173,0.106,0.077,CLOSED,0.111,0.088,CLOSED,0.108,0.082,36,3,0,0.19
337776643,1174,0.095,0.09,CLOSED,0.107,0.101,CLOSED,0.101,0.096,36,3,0,0.19
337776685,1175,0.119,0.099,CLOSED,0.12,0.106,CLOSED,0.119,0.103,36,3,0,0.19
337776726,1176,0.137,0.111,CLOSED,0.131,0.114,CLOSED,0.134,0.113,36,3,0,0.19
337776771,1177,0.167,0.125,CLOSED,0.13,0.12,CLOSED,0.149,0.122,36,3,0,0.19
337776812,1178,0.184,0.14,CLOSED,0.153,0.128,CLOSED,0.168,0.134,36,3,0,0.19
337776858,1179,0.194,0.16,CLOSED,0.154,0.138,CLOSED,0.174,0.149,36,3,0,0.19
337776900,1180,0.203,0.177,CLOSED,0.154,0.144,CLOSED,0.178,0.16,36,3,0,0.19
337776944,1181,0.194,0.188,CLOSED,0.127,0.144,CLOSED,0.161,0.166,36,3,0,0.19
337776988,1182,0.178,0.191,OPEN,0.125,0.143,CLOSED,0.151,0.167,36,3,0,0.19
337777032,1183,0.165,0.187,CLOSED,0.101,0.132,CLOSED,0.133,0.16,36,3,0,0.19
337777072,1184,0.138,0.176,CLOSED,0.077,0.117,CLOSED,0.108,0.146,36,3,0,0.19
337777118,1185,0.079,0.151,CLOSED,0.025,0.091,CLOSED,0.052,0.121,36,3,0,0.19
337777161,1186,0.054,0.123,CLOSED,0.015,0.069,CLOSED,0.035,0.096,36,3,0,0.19
337777203,1187,0.106,0.108,CLOSED,0.077,0.059,CLOSED,0.091,0.083,36,3,0,0.19
337777249,1188,0.156,0.107,CLOSED,0.191,0.077,CLOSED,0.173,0.092,36,3,0,0.19
337777289,1189,0.253,0.13,CLOSED,0.241,0.11,CLOSED,0.247,0.12,36,3,0,0.19
337777334,1190,0.287,0.171,CLOSED,0.294,0.164,CLOSED,0.29,0.168,36,3,0,0.19
337777375,1191,0.315,0.223,OPEN,0.285,0.218,OPEN,0.3,0.221,37,3,0,0.19
337777418,1192,0.332,0.269,OPEN,0.287,0.26,OPEN,0.309,0.265,37,3,0,0.19
337777464,1193,0.323,0.302,OPEN,0.274,0.276,OPEN,0.298,0.289,37,3,0,0.19
337777507,1194,0.315,0.314,OPEN,0.299,0.288,OPEN,0.307,0.301,37,3,0,0.19
337777548,1195,0.328,0.323,OPEN,0.306,0.29,OPEN,0.317,0.306,37,3,0,0.19
337777594,1196,0.341,0.328,OPEN,0.292,0.292,OPEN,0.317,0.31,37,3,0,0.19
337777633,1197,0.309,0.323,OPEN,0.304,0.295,OPEN,0.306,0.309,37,3,0,0.19
337777680,1198,0.286,0.316,OPEN,0.281,0.296,OPEN,0.283,0.306,37,3,0,0.19
337777722,1199,0.322,0.317,OPEN,0.311,0.299,OPEN,0.317,0.308,37,3,0,0.19
337777768,1200,0.333,0.318,OPEN,0.309,0.299,OPEN,0.321,0.308,37,3,0,0.19
337777809,1201,0.353,0.321,OPEN,0.305,0.302,OPEN,0.329,0.311,37,3,0,0.19
337777853,1202,0.37,0.333,OPEN,0.329,0.307,OPEN,0.35,0.32,37,3,0,0.19
337777897,1203,0.356,0.347,OPEN,0.298,0.31,OPEN,0.327,0.329,37,3,0,0.19
337777940,1204,0.318,0.346,OPEN,0.297,0.308,OPEN,0.307,0.327,37,3,0,0.19
337777980,1205,0.303,0.34,OPEN,0.299,0.306,OPEN,0.301,0.323,37,3,0,0.19
337778025,1206,0.294,0.328,OPEN,0.313,0.307,OPEN,0.303,0.318,37,3,0,0.19
337778069,1207,0.302,0.315,OPEN,0.301,0.302,OPEN,0.301,0.308,37,3,0,0.19
337778115,1208,0.301,0.304,OPEN,0.298,0.302,OPEN,0.299,0.303,37,3,0,0.19
337778156,1209,0.291,0.298,OPEN,0.296,0.301,OPEN,0.293,0.299,37,3,0,0.19
337778197,1210,0.298,0.297,OPEN,0.301,0.302,OPEN,0.299,0.299,37,3,0,0.19
337778243,1211,0.286,0.296,OPEN,0.283,0.296,OPEN,0.284,0.296,37,3,0,0.19
337778282,1212,0.232,0.282,OPEN,0.247,0.285,OPEN,0.239,0.283,37,3,0,0.19
337778329,1213,0.036,0.229,OPEN,0.068,0.239,OPEN,0.052,0.234,37,3,0,0.19
337778371,1214,0.012,0.173,CLOSED,0.025,0.185,CLOSED,0.019,0.179,37,3,0,0.19
337778416,1215,0.023,0.118,CLOSED,0.03,0.131,CLOSED,0.026,0.124,37,3,0,0.19
337778459,1216,0.012,0.063,CLOSED,0.039,0.082,CLOSED,0.026,0.073,37,3,0,0.19
337778499,1217,0.024,0.021,CLOSED,0.036,0.04,CLOSED,0.03,0.03,37,3,0,0.19
337778546,1218,0.038,0.022,CLOSED,0.052,0.036,CLOSED,0.045,0.029,37,3,0,0.19
337778589,1219,0.049,0.029,CLOSED,0.077,0.047,CLOSED,0.063,0.038,37,3,0,0.19
337778633,1220,0.052,0.035,CLOSED,0.066,0.054,CLOSED,0.059,0.044,37,3,0,0.19
337778674,1221,0.05,0.043,CLOSED,0.111,0.068,CLOSED,0.081,0.056,37,3,0,0.19
337778716,1222,0.077,0.053,CLOSED,0.115,0.084,CLOSED,0.096,0.069,37,3,0,0.19
337778763,1223,0.079,0.061,CLOSED,0.134,0.101,CLOSED,0.107,0.081,37,3,0,0.19
337778803,1224,0.104,0.072,CLOSED,0.127,0.111,CLOSED,0.115,0.091,37,3,0,0.19
337778849,1225,0.101,0.082,CLOSED,0.14,0.125,CLOSED,0.121,0.104,37,3,0,0.19
337778889,1226,0.093,0.091,CLOSED,0.131,0.129,CLOSED,0.112,0.11,37,3,0,0.19
337778933,1227,0.104,0.096,CLOSED,0.143,0.135,CLOSED,0.123,0.116,37,3,0,0.19
337778978,1228,0.116,0.104,CLOSED,0.154,0.139,CLOSED,0.135,0.121,37,3,0,0.19
337779021,1229,0.089,0.101,CLOSED,0.139,0.141,CLOSED,0.114,0.121,37,3,0,0.19
337779065,1230,0.115,0.103,CLOSED,0.128,0.139,CLOSED,0.121,0.121,37,3,0,0.19
337779109,1231,0.129,0.111,CLOSED,0.136,0.14,CLOSED,0.133,0.126,37,3,0,0.19
337779151,1232,0.128,0.115,CLOSED,0.143,0.14,CLOSED,0.136,0.128,37,3,0,0.19
337779194,1233,0.129,0.118,CLOSED,0.139,0.137,CLOSED,0.134,0.128,37,3,0,0.19
337779238,1234,0.13,0.126,CLOSED,0.139,0.137,CLOSED,0.135,0.132,37,3,0,0.19
337779279,1235,0.126,0.128,CLOSED,0.143,0.14,CLOSED,0.135,0.134,37,3,0,0.19
337779321,1236,0.126,0.128,CLOSED,0.128,0.138,CLOSED,0.127,0.133,37,3,0,0.19
337779364,1237,0.121,0.126,CLOSED,0.13,0.136,CLOSED,0.126,0.131,37,3,0,0.19
337779410,1238,0.103,0.121,CLOSED,0.129,0.134,CLOSED,0.116,0.128,37,3,0,0.19
337779451,1239,0.111,0.117,CLOSED,0.144,0.135,CLOSED,0.128,0.126,37,3,0,0.19
337779497,1240,0.099,0.112,CLOSED,0.133,0.133,CLOSED,0.116,0.122,37,3,0,0.19
337779538,1241,0.097,0.106,CLOSED,0.116,0.13,CLOSED,0.107,0.118,37,3,0,0.19
337779582,1242,0.101,0.102,CLOSED,0.116,0.128,CLOSED,0.109,0.115,37,3,0,0.19
337779627,1243,0.099,0.101,CLOSED,0.118,0.125,CLOSED,0.108,0.113,37,3,0,0.19
337779668,1244,0.125,0.104,CLOSED,0.155,0.128,CLOSED,0.14,0.116,37,3,0,0.19
337779714,1245,0.193,0.123,CLOSED,0.206,0.142,CLOSED,0.2,0.133,37,3,0,0.19
337779756,1246,0.274,0.158,CLOSED,0.262,0.171,CLOSED,0.268,0.165,37,3,0,0.19
337779799,1247,0.293,0.197,OPEN,0.287,0.206,OPEN,0.29,0.202,38,3,0,0.19
337779842,1248,0.274,0.232,OPEN,0.279,0.238,OPEN,0.277,0.235,38,3,0,0.19
337779886,1249,0.231,0.253,OPEN,0.24,0.255,OPEN,0.235,0.254,38,3,0,0.19
337779930,1250,0.09,0.232,OPEN,0.105,0.235,OPEN,0.098,0.233,38,3,0,0.19
337779972,1251,0.053,0.188,CLOSED,0.054,0.193,OPEN,0.053,0.191,38,3,0,0.19
337780017,1252,0.035,0.137,CLOSED,0.059,0.147,CLOSED,0.047,0.142,38,3,0,0.19
337780059,1253,0.102,0.102,CLOSED,0.13,0.118,CLOSED,0.116,0.11,38,3,0,0.19
337780101,1254,0.164,0.089,CLOSED,0.192,0.108,CLOSED,0.178,0.099,38,3,0,0.19
337780145,1255,0.198,0.11,CLOSED,0.216,0.13,CLOSED,0.207,0.12,38,3,0,0.19
337780186,1256,0.245,0.149,CLOSED,0.227,0.165,CLOSED,0.236,0.157,38,3,0,0.19
337780232,1257,0.281,0.198,OPEN,0.275,0.208,OPEN,0.278,0.203,39,3,0,0.19
337780272,1258,0.326,0.243,OPEN,0.328,0.248,OPEN,0.327,0.245,39,3,0,0.19
337780320,1259,0.316,0.273,OPEN,0.315,0.272,OPEN,0.316,0.273,39,3,0,0.19
337780362,1260,0.289,0.291,OPEN,0.309,0.291,OPEN,0.299,0.291,39,3,0,0.19
337780403,1261,0.291,0.301,OPEN,0.301,0.306,OPEN,0.296,0.303,39,3,0,0.19
337780446,1262,0.302,0.305,OPEN,0.315,0.314,OPEN,0.308,0.309,39,3,0,0.19
337780490,1263,0.306,0.301,OPEN,0.311,0.31,OPEN,0.308,0.305,39,3,0,0.19
337780536,1264,0.309,0.299,OPEN,0.312,0.31,OPEN,0.31,0.304,39,3,0,0.19
337780574,1265,0.32,0.306,OPEN,0.331,0.314,OPEN,0.326,0.31,39,3,0,0.19
337780622,1266,0.315,0.31,OPEN,0.324,0.319,OPEN,0.32,0.315,39,3,0,0.19
337780666,1267,0.264,0.303,OPEN,0.272,0.31,OPEN,0.268,0.306,39,3,0,0.19
337780708,1268,0.069,0.255,OPEN,0.11,0.27,OPEN,0.089,0.263,39,3,0,0.19
337780750,1269,0.013,0.196,OPEN,0.036,0.215,OPEN,0.024,0.206,39,3,0,0.19
337780793,1270,0.023,0.137,CLOSED,0.049,0.158,CLOSED,0.036,0.148,39,3,0,0.19
337780838,1271,0.024,0.079,CLOSED,0.047,0.103,CLOSED,0.036,0.091,39,3,0,0.19
337780876,1272,0.036,0.033,CLOSED,0.06,0.06,CLOSED,0.048,0.046,39,3,0,0.19
337780927,1273,0.061,0.031,CLOSED,0.073,0.053,CLOSED,0.067,0.042,39,3,0,0.19
337780968,1274,0.087,0.046,CLOSED,0.107,0.067,CLOSED,0.097,0.057,39,3,0,0.19
337781010,1275,0.089,0.059,CLOSED,0.098,0.077,CLOSED,0.093,0.068,39,3,0,0.19
337781053,1276,0.077,0.07,CLOSED,0.108,0.089,CLOSED,0.092,0.08,39,3,0,0.19
337781098,1277,0.089,0.081,CLOSED,0.112,0.1,CLOSED,0.101,0.09,39,3,0,0.19
337781141,1278,0.092,0.087,CLOSED,0.108,0.107,CLOSED,0.1,0.097,39,3,0,0.19
337781185,1279,0.093,0.088,CLOSED,0.11,0.107,CLOSED,0.102,0.098,39,3,0,0.19
337781227,1280,0.091,0.088,CLOSED,0.106,0.109,CLOSED,0.099,0.099,39,3,0,0.19
337781271,1281,0.092,0.091,CLOSED,0.094,0.106,CLOSED,0.093,0.099,39,3,0,0.19
337781312,1282,0.091,0.092,CLOSED,0.107,0.105,CLOSED,0.099,0.099,39,3,0,0.19
337781357,1283,0.102,0.094,CLOSED,0.108,0.105,CLOSED,0.105,0.1,39,3,0,0.19
337781399,1284,0.101,0.095,CLOSED,0.111,0.105,CLOSED,0.106,0.1,39,3,0,0.19
337781444,1285,0.103,0.098,CLOSED,0.096,0.103,CLOSED,0.1,0.101,39,3,0,0.19
337781485,1286,0.103,0.1,CLOSED,0.107,0.106,CLOSED,0.105,0.103,39,3,0,0.19
